Season,Name,Age,Inf,RF Matches,Position,Club,Ability,Potential,Transfer Value (Low),Transfer Value (High),Hdrs A,Tck/90,Tck C,Tck A,Tck R,Shot/90,Shot %,ShT/90,ShT,Shots Outside Box/90,Shts Blckd/90,Shts Blckd,Shots,Svt,Svp,Svh,Sv %,Pr passes/90,Pr Passes,Pres C/90,Pres C,Pres A/90,Pres A,Poss Won/90,Poss Lost/90,Ps C/90,Ps C,Ps A/90,Pas A,Pas %,OP-KP/90,OP-KP,OP-Crs C/90,OP-Crs C,OP-Crs A/90,OP-Crs A,OP-Cr %,Off,Gl Mst,K Tck/90,K Tck,K Ps/90,K Pas,K Hdrs/90,Int/90,Itc,Sprints/90,Hdr %,Hdrs W/90,Hdrs,Hdrs L/90,Goals Outside Box,FK Shots,xSv %,xGP/90,xGP,xG/shot,Drb/90,Drb,Dist/90,Distance,Cr C/90,Cr C,Crs A/90,Cr A,Cr C/A,Conv %,Clr/90,Clear,CCC,Ch C/90,Blk/90,Blk,Asts/90,Aer A/90,Apps (Total),Apps (Sub Apps),Yel,xG,Saves/90,Tgls/90,Tcon/90,Tall,Tgls,Starts,Shutouts,Red,Pts/Gm,PoM,Pen/R,Pens S,Pens Saved Ratio,Pens Saved,Pens Faced,Pens,NP-xG/90,NP-xG,Last Gl,Last C,Mins/Gm,Mins,Last 5 Games,Last 5 FT Games,Int Conc,Int Av Rat,Int Ast,Int Apps (Total),Int Apps (Sub Apps),Gls/90,All/90,Conc,Gls,Won,G. Mis,Lost,D,Gwin,Fls,FA,xG/90,xG-OP,xA/90,xA,Cln/90,Av Rat,Mins/Gl,Ast,Rec,Acc
2027-2028,Tiago Sousa - Portuguese,18,,Lluis Gonzales (4/6/2028),M/AM (C),VTSC - Portuguese Premier League,,,33000000.0,39000000.0,13.0,1.77,9.0,10.0,90.0,0.39,50.0,0.2,1.0,0.2,0.2,1.0,2.0,,,,,1.97,10.0,2.95,15.0,11.82,60.0,8.67,12.21,46.28,235.0,51.01,259.0,91.0,0.59,3.0,0.39,2.0,0.79,4.0,20.0,0.0,0.0,0.0,0.0,0.98,5.0,0.0,2.17,11.0,9.65,8.0,0.2,1.0,2.36,0.0,0.0,,,,0.11,1.58,8.0,8.5,43.2,0.39,2.0,1.97,10.0,50.0,,0.98,5.0,3.0,0.59,0.39,2.0,0.39,2.56,7.0,1.0,0.0,0.22,,1.38,1.18,,7.0,6.0,,0.0,1.45,1.0,,0.0,,,,0.0,0.04,0.22,,,65.29,457.0,,,,,,,,,,,0.0,3.0,,3.0,1.0,43.0,2.0,7.0,0.04,-0.22,0.23,1.17,,6.96,,2.0,- - - A+,15.0
2027-2028,Michael Boulton - English,20,,4 Focuses,M/AM (C),Crystal Palace - English Premier Division,,,67000000.0,80000000.0,144.0,1.95,70.0,91.0,77.0,1.2,23.0,0.28,10.0,0.45,0.08,3.0,43.0,,,,,3.57,128.0,2.95,106.0,12.71,456.0,15.11,11.07,39.97,1434.0,45.52,1633.0,88.0,1.23,44.0,0.2,7.0,1.11,40.0,18.0,4.0,0.0,0.03,1.0,1.23,44.0,0.28,1.98,71.0,12.51,58.0,2.31,83.0,1.7,2.0,0.0,,,,0.11,1.28,46.0,8.0,286.3,0.2,7.0,1.11,40.0,17.0,2.0,0.75,27.0,6.0,0.17,0.39,14.0,0.17,4.01,38.0,0.0,2.0,4.91,,1.31,1.37,,47.0,38.0,,1.0,1.29,0.0,,0.0,,,,0.0,0.14,4.91,2682.0,,84.97,3229.0,,,,,,,,0.03,,,1.0,14.0,,17.0,7.0,37.0,43.0,19.0,0.14,-3.91,0.19,6.65,,6.78,3229.0,6.0,- - - A+,16.0
2027-2028,Adrián Ruiz - Spanish,19,Int,Gaby Ruiz (5/2/2028),"D/WB (L), DM, AM (L)",Sevilla - Spanish First Division,,,61000000.0,72000000.0,99.0,2.89,62.0,80.0,78.0,0.23,40.0,0.09,2.0,0.14,0.28,6.0,5.0,,,,,6.66,143.0,2.05,44.0,9.13,196.0,13.87,12.06,48.28,1037.0,54.01,1160.0,89.0,0.7,15.0,0.33,7.0,1.77,38.0,18.0,2.0,0.0,0.14,3.0,0.7,15.0,0.14,2.1,45.0,15.18,34.0,1.58,34.0,3.03,0.0,0.0,,,,0.07,1.07,23.0,7.9,169.3,0.33,7.0,1.77,38.0,18.0,,1.02,22.0,3.0,0.14,0.84,18.0,,4.61,28.0,7.0,3.0,0.33,,1.82,0.79,,39.0,21.0,,0.0,1.68,0.0,,0.0,,,,0.0,0.02,0.33,,,69.04,1933.0,,,,,,,,,,,0.0,14.0,,9.0,5.0,50.0,25.0,12.0,0.02,-0.33,0.03,0.58,,6.85,,0.0,- - - A+,11.0
2027-2028,Jonah Kusi-Asare - Swedish,20,,Ricardo Camacho (3/18/2028),"AM (R), ST (C)",Leicester - Sky Bet Championship,,,25000000.0,38000000.0,334.0,0.92,31.0,41.0,76.0,3.42,62.0,2.11,71.0,0.83,0.03,1.0,115.0,,,,,0.65,22.0,1.31,44.0,6.18,208.0,2.47,13.83,18.23,613.0,21.5,723.0,85.0,0.48,16.0,0.06,2.0,0.27,9.0,22.0,20.0,0.0,0.03,1.0,0.48,16.0,0.0,0.68,23.0,5.74,57.0,5.65,190.0,4.28,2.0,0.0,,,,0.13,0.95,32.0,7.3,246.7,0.06,2.0,0.27,9.0,22.0,18.0,0.36,12.0,4.0,0.12,0.18,6.0,0.06,9.93,40.0,0.0,2.0,15.45,,1.81,0.92,,61.0,40.0,,0.0,1.93,4.0,100.0,3.0,,,,3.0,0.44,14.66,41.0,,75.67,3027.0,,,,7.42,0.0,6.0,5.0,0.62,,,21.0,23.0,,9.0,8.0,58.0,39.0,64.0,0.46,5.55,0.06,2.07,,7.0,144.14,2.0,- - - A+,15.0
2027-2028,Evan Ferguson - Irish,23,,3 Focuses,ST (C),Brighton - English Premier Division,,,55000000.0,79000000.0,31.0,1.21,6.0,10.0,60.0,4.63,52.0,2.42,12.0,1.21,0.0,0.0,23.0,,,,,0.81,4.0,3.02,15.0,9.26,46.0,1.61,14.7,18.52,92.0,20.34,101.0,91.0,0.6,3.0,0.0,0.0,0.2,1.0,0.0,4.0,0.0,0.0,0.0,0.6,3.0,0.0,0.4,2.0,7.65,61.0,3.83,19.0,2.42,2.0,0.0,,,,0.12,0.81,4.0,7.8,38.6,0.0,0.0,0.2,1.0,,4.0,0.6,3.0,0.0,,0.2,1.0,0.4,6.24,15.0,13.0,0.0,2.68,,0.81,1.41,,4.0,2.0,,0.0,0.87,1.0,100.0,1.0,,,,1.0,0.54,2.68,141.0,,29.8,447.0,,,,6.83,0.0,3.0,0.0,0.2,,,1.0,3.0,,8.0,4.0,20.0,7.0,5.0,0.54,-1.68,0.1,0.5,,6.86,447.0,2.0,- - - A+,16.0
2027-2028,Eliesse Ben Seghir - French,23,Int,Luis Ferrer (4/7/2028),M/AM (C),AS Monaco - Ligue 1 Uber Eats,,,118000000.0,168000000.0,95.0,2.23,76.0,90.0,84.0,1.99,44.0,0.88,30.0,0.26,0.0,0.0,68.0,,,,,2.29,78.0,2.2,75.0,7.39,252.0,6.74,6.07,30.96,1056.0,37.11,1266.0,83.0,0.94,32.0,0.09,3.0,0.79,27.0,15.0,3.0,0.0,0.06,2.0,1.03,35.0,0.0,1.38,47.0,9.06,41.0,1.14,39.0,1.64,0.0,0.0,,,,0.12,1.52,52.0,5.8,199.4,0.15,5.0,1.0,34.0,11.0,9.0,0.5,17.0,11.0,0.32,0.21,7.0,0.23,2.79,37.0,0.0,3.0,8.06,,1.17,0.88,,40.0,37.0,,1.0,1.27,2.0,100.0,1.0,,,,1.0,0.21,7.26,0.0,,82.97,3070.0,,,,7.86,5.0,8.0,0.0,0.18,,,6.0,11.0,,12.0,14.0,30.0,40.0,43.0,0.24,-2.06,0.18,6.04,,7.14,511.67,8.0,- - - A+,15.0
2027-2028,Javier Alcácer - Spanish,19,Int,,"AM (RLC), ST (C)",Valencia B - Spanish Federation Second Group 3,,,21000000.0,21000000.0,120.0,1.41,18.0,22.0,82.0,2.58,45.0,1.17,15.0,1.02,0.0,0.0,33.0,,,,,1.56,20.0,1.8,23.0,6.95,89.0,2.19,15.08,20.78,266.0,23.44,300.0,89.0,0.94,12.0,0.08,1.0,0.47,6.0,17.0,6.0,0.0,0.0,0.0,0.94,12.0,0.0,1.33,17.0,6.56,15.0,1.41,18.0,7.97,0.0,0.0,,,,0.09,1.25,16.0,7.3,92.8,0.08,1.0,0.47,6.0,16.0,12.0,0.55,7.0,0.0,,0.23,3.0,0.16,9.38,16.0,0.0,2.0,3.0,,1.41,1.17,,18.0,16.0,,0.0,1.5,0.0,,0.0,,,,0.0,0.23,3.0,0.0,,72.0,1152.0,,,,,,,,0.31,,,4.0,7.0,,6.0,3.0,44.0,14.0,27.0,0.23,1.0,0.06,0.75,,6.78,288.0,2.0,- - - A+,12.0
2027-2028,Luiz Gustavo - Brazilian,19,Int,Bojan Krkic (5/9/2028),"AM (LC), ST (C)",GRE - Brazilian National First Division,,,19500000.0,19500000.0,22.0,0.44,1.0,2.0,50.0,4.85,55.0,2.65,6.0,1.76,0.0,0.0,11.0,,,,,1.76,4.0,0.88,2.0,8.38,19.0,0.88,20.74,18.09,41.0,22.06,50.0,82.0,1.76,4.0,0.0,0.0,0.44,1.0,0.0,0.0,0.0,0.0,0.0,1.76,4.0,0.0,0.44,1.0,6.62,23.0,2.21,5.0,7.5,1.0,0.0,,,,0.19,0.44,1.0,8.1,18.3,0.0,0.0,0.44,1.0,,9.0,0.88,2.0,0.0,,,0.0,,9.71,6.0,4.0,0.0,2.05,,1.76,0.0,,4.0,2.0,,0.0,1.8,0.0,,0.0,,,,0.0,0.9,2.05,57.0,,34.0,204.0,,,,,,,,0.44,,,1.0,3.0,,0.0,3.0,50.0,1.0,4.0,0.9,-1.05,0.0,0.0,,7.08,204.0,0.0,- - - A+,13.0
2027-2028,Erwan Betrancourt - French,19,Int,,AM (RLC),Paris SG - Ligue 1 Uber Eats,,,44000000.0,61000000.0,0.0,1.08,36.0,58.0,62.0,2.4,45.0,1.08,36.0,0.0,0.0,0.0,80.0,,,,,0.0,0.0,0.0,0.0,0.0,0.0,0.0,0.0,14.39,480.0,20.38,680.0,71.0,0.0,0.0,0.0,0.0,0.0,0.0,,0.0,0.0,0.0,0.0,,0.0,0.0,,0.0,0.0,,,,,0.0,0.0,,,,0.11,,0.0,0.0,0.0,0.0,0.0,0.0,0.0,,5.0,0.0,0.0,0.0,,,0.0,0.27,,34.0,1.0,0.0,8.41,,0.0,0.0,,0.0,33.0,,1.0,1.0,1.0,,0.0,,,,0.0,0.25,8.41,0.0,,88.32,3003.0,,,,,,,,0.12,,,4.0,0.0,,0.0,34.0,0.0,32.0,36.0,0.25,-4.41,0.0,0.03,,7.43,750.75,9.0,- - - A+,10.0
2027-2028,Robert Krstevski - Macedonian,19,Int,,AM (LC),FC Bayern II - German Regional Division Bavaria,,,15500000.0,23000000.0,10.0,3.14,8.0,9.0,89.0,3.54,44.0,1.57,4.0,1.97,0.0,0.0,9.0,,,,,1.57,4.0,3.54,9.0,10.22,26.0,6.29,10.22,29.08,74.0,34.19,87.0,85.0,0.39,1.0,1.57,4.0,4.32,11.0,31.0,0.0,0.0,0.0,0.0,1.57,4.0,0.0,1.57,4.0,14.15,30.0,1.18,3.0,2.75,0.0,0.0,,,,0.08,1.97,5.0,7.5,19.1,1.57,4.0,5.11,13.0,36.0,,0.39,1.0,0.0,,,0.0,,3.93,9.0,8.0,0.0,0.69,,0.79,0.39,,2.0,1.0,,0.0,1.75,0.0,,0.0,,,,0.0,0.27,0.69,,,25.44,229.0,,,,7.0,0.0,3.0,2.0,,,,0.0,4.0,,1.0,4.0,44.0,4.0,5.0,0.27,-0.69,0.21,0.54,,6.5,,0.0,- - - A+,11.0
2027-2028,Juan Cruz Ruiz - Argentinian,19,Int,6 Focuses,"DM, M/AM (C)",Man City - English Premier Division,,,56000000.0,66000000.0,9.0,2.57,7.0,7.0,100.0,0.37,0.0,0.0,0.0,0.0,0.0,0.0,1.0,,,,,4.41,12.0,1.84,5.0,9.55,26.0,7.71,11.76,49.22,134.0,51.8,141.0,95.0,0.73,2.0,0.0,0.0,0.0,0.0,,0.0,0.0,0.0,0.0,0.73,2.0,0.0,0.37,1.0,13.96,56.0,1.84,5.0,1.47,0.0,0.0,,,,0.11,,0.0,7.8,21.1,0.0,0.0,0.0,0.0,,,0.0,0.0,3.0,1.1,,0.0,,3.31,10.0,9.0,1.0,0.11,,0.37,0.73,,1.0,1.0,,0.0,2.3,0.0,,0.0,,,,0.0,0.04,0.11,,,24.5,245.0,,,,6.7,0.0,1.0,0.0,,,,0.0,7.0,,1.0,2.0,70.0,7.0,1.0,0.04,-0.11,0.03,0.08,,6.66,,0.0,- - - A+,11.0
2027-2028,Kingsley Coman - French,31,Int,,"M (RL), AM (RLC)",Al-Nassr (KSA) - Saudi Professional League,,,66000000.0,92000000.0,184.0,2.1,71.0,86.0,83.0,3.78,55.0,2.07,70.0,0.95,0.0,0.0,128.0,,,,,2.13,72.0,2.78,94.0,10.4,352.0,5.58,10.43,25.9,877.0,30.16,1021.0,86.0,1.18,40.0,0.41,14.0,2.16,73.0,19.0,14.0,0.0,0.03,1.0,1.18,40.0,0.06,1.03,35.0,10.43,34.0,1.83,62.0,3.6,1.0,3.0,,,,0.11,3.25,110.0,7.2,243.0,0.41,14.0,2.16,73.0,19.0,19.0,0.38,13.0,10.0,0.3,0.09,3.0,0.15,5.43,44.0,2.0,4.0,13.83,,2.42,0.35,,82.0,42.0,,0.0,2.52,10.0,,0.0,,,,0.0,0.41,13.83,0.0,,69.25,3047.0,,,,,,,,0.71,,,24.0,34.0,,1.0,9.0,77.0,41.0,86.0,0.41,10.17,0.2,6.87,,7.62,126.96,5.0,- - - A+,15.0
2027-2028,- -,30,,,,,,,50000000.0,60000000.0,46.0,2.02,20.0,27.0,74.0,2.52,52.0,1.31,13.0,0.91,0.0,0.0,25.0,,,,,4.34,43.0,3.73,37.0,12.11,120.0,8.37,14.63,39.35,390.0,45.4,450.0,87.0,1.72,17.0,1.11,11.0,3.73,37.0,29.0,2.0,0.0,0.0,0.0,1.92,19.0,0.1,1.92,19.0,18.26,43.0,2.02,20.0,2.62,1.0,0.0,,,,0.15,3.43,34.0,8.5,84.3,1.21,12.0,4.14,41.0,29.0,20.0,0.3,3.0,7.0,0.71,0.1,1.0,0.3,4.64,29.0,24.0,1.0,3.74,,2.12,1.11,,21.0,5.0,,0.0,1.79,1.0,50.0,1.0,,,,2.0,0.22,2.16,32.0,,30.76,892.0,,,,7.03,1.0,6.0,1.0,0.5,,,5.0,15.0,,7.0,7.0,52.0,5.0,17.0,0.38,1.26,0.21,2.09,,7.03,178.4,3.0,- - -,13.0
2027-2028,- -,19,,3 Focuses,,,,,,,76.0,1.16,12.0,18.0,67.0,0.29,0.0,0.0,0.0,0.0,1.16,12.0,3.0,,,,,4.35,45.0,1.35,14.0,3.39,35.0,15.77,2.03,46.84,484.0,52.35,541.0,89.0,0.48,5.0,0.0,0.0,0.0,0.0,,1.0,0.0,0.1,1.0,0.48,5.0,1.06,0.87,9.0,5.03,78.0,5.71,59.0,1.65,0.0,0.0,,,,0.15,0.1,1.0,7.0,72.8,0.0,0.0,0.0,0.0,,,0.97,10.0,0.0,,0.19,2.0,0.1,7.35,10.0,0.0,0.0,0.45,,0.97,0.48,,10.0,10.0,,0.0,1.8,0.0,,0.0,,,,0.0,0.04,0.45,,,93.0,930.0,,,,,,,,,,,0.0,5.0,,2.0,3.0,50.0,9.0,8.0,0.04,-0.45,0.04,0.41,,6.77,,1.0,- - -,11.0
2027-2028,- -,21,,Gaby Ruiz (5/2/2028),,,,,87000000.0,105000000.0,135.0,2.7,70.0,83.0,84.0,1.12,28.0,0.31,8.0,0.31,0.04,1.0,29.0,,,,,3.47,90.0,3.47,90.0,13.5,350.0,6.4,13.77,29.74,771.0,35.53,921.0,84.0,2.31,60.0,0.85,22.0,3.59,93.0,23.0,11.0,0.0,0.12,3.0,2.43,63.0,0.0,1.58,41.0,16.2,14.0,0.73,19.0,4.47,0.0,1.0,,,,0.13,3.16,82.0,8.2,211.3,0.85,22.0,3.66,95.0,23.0,7.0,0.81,21.0,12.0,0.46,0.35,9.0,0.15,5.21,32.0,0.0,4.0,3.82,,0.96,1.58,,25.0,32.0,,0.0,0.97,1.0,,0.0,,,,0.0,0.15,3.82,797.0,,72.91,2333.0,,,,6.6,0.0,1.0,1.0,0.08,,,2.0,8.0,,17.0,7.0,25.0,47.0,32.0,0.15,-1.82,0.2,5.28,,6.89,1166.5,4.0,- - -,17.0
2027-2028,- -,22,Inj,Vito Leccese (1/23/2028),,,,,56000000.0,79000000.0,23.0,2.18,12.0,13.0,92.0,2.91,31.0,0.91,5.0,1.09,0.18,1.0,16.0,,,,,3.64,20.0,2.55,14.0,11.82,65.0,4.55,16.36,33.09,182.0,39.27,216.0,84.0,2.18,12.0,0.73,4.0,3.45,19.0,21.0,2.0,0.0,0.0,0.0,2.91,16.0,0.0,3.27,18.0,13.64,35.0,1.45,8.0,2.73,0.0,2.0,,,,0.14,4.55,25.0,8.1,44.3,0.73,4.0,3.45,19.0,21.0,6.0,0.91,5.0,0.0,,0.36,2.0,,4.18,13.0,8.0,0.0,2.25,,2.0,1.09,,11.0,5.0,,0.0,2.54,0.0,,0.0,,,,0.0,0.41,2.25,225.0,,38.08,495.0,,,,6.9,0.0,5.0,1.0,0.18,,,1.0,10.0,,0.0,3.0,77.0,4.0,11.0,0.41,-1.25,0.21,1.17,,6.98,495.0,0.0,- - -,14.0
2027-2028,- -,27,Int,,,,,,44000000.0,65000000.0,46.0,1.35,14.0,14.0,100.0,3.75,51.0,1.92,20.0,1.25,0.0,0.0,39.0,,,,,1.44,15.0,1.35,14.0,6.63,69.0,5.67,12.6,21.73,226.0,27.5,286.0,79.0,0.96,10.0,0.1,1.0,0.48,5.0,20.0,3.0,0.0,0.0,0.0,0.96,10.0,0.0,0.58,6.0,8.56,35.0,1.54,16.0,2.88,2.0,2.0,,,,0.08,0.67,7.0,5.8,60.0,0.1,1.0,0.48,5.0,20.0,18.0,0.1,1.0,0.0,,,0.0,0.1,4.42,28.0,23.0,0.0,3.25,,1.25,1.06,,13.0,5.0,,0.0,1.71,0.0,100.0,1.0,,,,1.0,0.31,3.25,0.0,,33.43,936.0,,,,7.37,2.0,6.0,0.0,0.67,,,7.0,13.0,,6.0,9.0,46.0,6.0,22.0,0.31,3.75,0.15,1.54,,6.9,133.71,1.0,- - -,14.0
2027-2028,- -,26,Wnt,,,,,,53000000.0,64000000.0,192.0,1.62,60.0,76.0,79.0,0.62,35.0,0.22,8.0,0.05,0.41,15.0,23.0,,,,,3.54,131.0,0.87,32.0,2.62,97.0,9.87,2.76,50.88,1882.0,56.56,2092.0,90.0,0.27,10.0,0.03,1.0,0.14,5.0,29.0,0.0,0.0,0.35,13.0,0.27,10.0,0.62,1.3,48.0,3.41,69.0,3.57,132.0,1.62,0.0,0.0,,,,0.1,0.11,4.0,5.4,198.3,0.05,2.0,0.19,7.0,20.0,4.0,0.78,29.0,0.0,,0.46,17.0,0.05,5.19,39.0,2.0,3.0,2.24,,0.87,0.95,,32.0,37.0,,0.0,1.28,1.0,,0.0,,,,0.0,0.06,2.24,0.0,,85.36,3329.0,,,,,,,,0.03,,,1.0,10.0,,9.0,20.0,26.0,27.0,19.0,0.06,-1.24,0.03,0.96,,7.06,3329.0,2.0,- - -,14.0
2027-2028,- -,28,Wnt,,,,,,12500000.0,18500000.0,24.0,1.43,58.0,67.0,87.0,2.41,50.0,1.2,49.0,0.12,0.0,0.0,98.0,,,,,0.54,22.0,0.49,20.0,2.19,89.0,1.65,1.18,17.42,709.0,23.32,949.0,75.0,0.29,12.0,0.12,5.0,0.42,17.0,27.0,1.0,0.0,0.02,1.0,0.44,18.0,0.0,0.32,13.0,2.33,17.0,0.1,4.0,0.49,1.0,0.0,,,,0.16,0.2,8.0,1.3,54.3,0.32,13.0,1.18,48.0,29.0,5.0,0.15,6.0,1.0,0.02,,0.0,0.2,0.59,42.0,1.0,0.0,15.38,,0.39,0.27,,16.0,41.0,,0.0,1.17,2.0,100.0,2.0,,,,2.0,0.34,13.78,0.0,,87.19,3662.0,,,,,,,,0.12,,,5.0,4.0,,1.0,37.0,10.0,35.0,56.0,0.38,-10.38,0.13,5.24,,7.63,732.4,8.0,- - -,14.0
2027-2028,- -,19,Int,Javier Ribalta (2/10/2028),,,,,89000000.0,123000000.0,217.0,0.95,31.0,43.0,72.0,2.9,54.0,1.56,51.0,0.95,0.0,0.0,95.0,,,,,1.01,33.0,1.4,46.0,6.87,225.0,2.26,12.36,17.55,575.0,20.26,664.0,87.0,0.58,19.0,0.03,1.0,0.61,20.0,7.0,19.0,0.0,0.03,1.0,0.61,20.0,0.12,0.92,30.0,6.23,17.0,1.1,36.0,5.52,1.0,2.0,,,,0.09,1.1,36.0,7.5,244.8,0.06,2.0,0.92,30.0,5.0,18.0,0.43,14.0,2.0,0.06,0.09,3.0,0.03,6.62,34.0,0.0,0.0,8.63,,1.1,1.43,,36.0,34.0,,0.0,1.18,3.0,,0.0,,,,0.0,0.26,8.63,365.0,,86.74,2949.0,,,,7.03,0.0,3.0,0.0,0.52,,,17.0,10.0,,14.0,10.0,29.0,23.0,114.0,0.26,8.37,0.09,2.82,,6.87,173.47,1.0,- - -,16.0
2027-2028,- -,19,Int,,,,,,35000000.0,41000000.0,1.0,,,0.0,,,0.0,,0.0,,,0.0,1.0,,,,,,1.0,,0.0,,3.0,,,,6.0,,7.0,86.0,,1.0,,0.0,,0.0,,0.0,0.0,,0.0,,1.0,,,0.0,,0.0,,0.0,,0.0,0.0,,,,0.04,,0.0,,0.9,,0.0,,0.0,,,,0.0,0.0,,,0.0,,,1.0,1.0,0.0,0.04,,,,,1.0,,,0.0,,0.0,,0.0,,,,0.0,,0.04,,,17.0,17.0,,,,,,,,,,,0.0,1.0,,0.0,0.0,100.0,0.0,0.0,,-0.04,,0.12,,7.4,,1.0,- - -,12.0
2027-2028,- -,19,Int,Ricardo Camacho (3/18/2028),,,,,22000000.0,27000000.0,2.0,1.72,5.0,10.0,50.0,6.21,50.0,3.1,9.0,0.0,0.0,0.0,18.0,,,,,1.03,3.0,0.69,2.0,2.76,8.0,0.0,3.45,23.79,69.0,34.14,99.0,70.0,0.34,1.0,0.0,0.0,0.69,2.0,0.0,1.0,0.0,0.0,0.0,0.34,1.0,0.0,,0.0,2.76,100.0,0.69,2.0,,0.0,0.0,,,,0.07,0.34,1.0,1.2,3.4,0.0,0.0,0.69,2.0,,6.0,0.0,0.0,1.0,0.34,,0.0,1.03,0.69,9.0,7.0,0.0,1.29,,0.34,0.34,,1.0,2.0,,0.0,1.05,0.0,,0.0,,,,0.0,0.44,1.29,0.0,,29.0,261.0,,,,,,,,0.34,,,1.0,1.0,,2.0,6.0,11.0,5.0,1.0,0.44,-0.29,0.37,1.08,,7.0,261.0,3.0,- - -,12.0
2027-2028,- -,21,,Gaby Ruiz (5/2/2028),,,,,66000000.0,66000000.0,44.0,2.0,21.0,24.0,88.0,2.38,44.0,1.05,11.0,0.57,0.0,0.0,25.0,,,,,2.85,30.0,2.57,27.0,10.93,115.0,8.36,17.58,28.23,297.0,34.97,368.0,81.0,1.43,15.0,0.29,3.0,1.52,16.0,19.0,2.0,0.0,0.0,0.0,1.43,15.0,0.0,1.43,15.0,13.5,25.0,1.05,11.0,3.14,0.0,0.0,,,,0.11,2.38,25.0,8.2,86.7,0.29,3.0,1.52,16.0,18.0,8.0,0.29,3.0,1.0,0.1,0.48,5.0,,4.18,29.0,23.0,1.0,2.69,,1.14,0.76,,12.0,6.0,,0.0,1.83,0.0,,0.0,,,,0.0,0.26,2.69,349.0,,32.66,947.0,,,,,,,,0.19,,,2.0,16.0,,8.0,5.0,55.0,10.0,13.0,0.26,-0.69,0.04,0.45,,6.75,473.5,0.0,- - -,14.0
2027-2028,- -,23,Wnt,Vito Leccese (4/8/2028),,,,,63000000.0,63000000.0,144.0,2.88,82.0,91.0,90.0,0.74,24.0,0.18,5.0,0.39,0.6,17.0,21.0,,,,,7.01,200.0,2.31,66.0,9.01,257.0,14.8,11.43,51.07,1456.0,57.17,1630.0,89.0,0.91,26.0,0.35,10.0,2.24,64.0,14.0,2.0,0.0,0.18,5.0,0.91,26.0,0.53,2.49,71.0,16.24,75.0,3.79,108.0,1.26,0.0,1.0,,,,0.07,1.79,51.0,8.2,234.8,0.46,13.0,3.23,92.0,15.0,,0.95,27.0,3.0,0.11,0.7,20.0,0.11,5.05,30.0,0.0,2.0,1.51,,1.65,1.12,,47.0,30.0,,0.0,1.73,1.0,,0.0,,,,0.0,0.05,1.51,,,85.53,2566.0,,,,,,,,,,,0.0,14.0,,6.0,10.0,47.0,24.0,35.0,0.05,-1.51,0.09,2.61,,6.97,,3.0,- - -,13.0
2027-2028,- -,23,Inj,Luis Ferrer (4/7/2028),,,,,63000000.0,91000000.0,65.0,1.73,53.0,77.0,69.0,2.64,43.0,1.14,35.0,0.59,0.0,0.0,81.0,,,,,1.76,54.0,1.73,53.0,6.59,202.0,2.58,7.18,23.68,726.0,30.04,921.0,79.0,0.95,29.0,0.29,9.0,1.53,47.0,21.0,10.0,0.0,0.0,0.0,1.08,33.0,0.0,0.85,26.0,8.25,20.0,0.42,13.0,1.7,1.0,0.0,,,,0.12,1.63,50.0,4.1,124.5,0.42,13.0,2.06,63.0,19.0,7.0,0.16,5.0,7.0,0.23,0.07,2.0,0.26,2.12,35.0,3.0,1.0,9.87,,0.78,0.69,,24.0,32.0,,0.0,1.14,3.0,,0.0,,,,0.0,0.32,9.87,0.0,,78.83,2759.0,,,,,,,,0.2,,,6.0,7.0,,9.0,19.0,20.0,33.0,40.0,0.32,-3.87,0.14,4.41,,7.39,459.83,8.0,- - -,15.0
2027-2028,- -,30,Int,,,,,,49000000.0,70000000.0,142.0,1.41,58.0,75.0,77.0,1.93,43.0,0.83,34.0,0.44,0.0,0.0,79.0,,,,,2.44,100.0,2.1,86.0,9.14,375.0,12.01,10.43,30.88,1267.0,36.97,1517.0,84.0,1.22,50.0,0.05,2.0,0.54,22.0,13.0,6.0,0.0,0.05,2.0,2.14,88.0,0.05,1.34,55.0,11.65,39.0,1.34,55.0,2.12,3.0,5.0,,,,0.15,1.0,41.0,7.2,293.7,0.1,4.0,0.76,31.0,9.0,9.0,0.83,34.0,12.0,0.29,0.17,7.0,0.32,3.46,44.0,0.0,1.0,11.66,,1.15,0.95,,47.0,44.0,,0.0,1.48,2.0,0.0,0.0,,,,1.0,0.26,10.85,0.0,,83.93,3693.0,,,,6.7,0.0,4.0,3.0,0.17,,,7.0,16.0,,11.0,17.0,36.0,19.0,35.0,0.28,-4.66,0.19,7.85,,7.16,527.57,13.0,- - -,14.0
2027-2028,- -,19,Int,,,,,,21000000.0,31000000.0,73.0,1.99,60.0,78.0,77.0,0.43,15.0,0.07,2.0,0.1,0.27,8.0,13.0,,,,,4.95,149.0,2.69,81.0,9.49,286.0,13.25,5.41,44.12,1329.0,49.63,1495.0,89.0,1.06,32.0,0.17,5.0,0.37,11.0,45.0,1.0,0.0,0.1,3.0,1.06,32.0,0.13,1.93,58.0,11.65,33.0,0.8,24.0,1.63,0.0,1.0,,,,0.11,0.8,24.0,8.1,245.3,0.17,5.0,0.37,11.0,45.0,,1.06,32.0,18.0,0.6,0.56,17.0,0.1,2.42,44.0,5.0,0.0,1.42,,1.03,1.16,,31.0,39.0,,0.0,1.34,3.0,,0.0,,,,0.0,0.05,1.42,,,61.61,2711.0,,,,,,,,,,,0.0,14.0,,13.0,17.0,32.0,22.0,13.0,0.05,-1.42,0.28,8.43,,6.83,,3.0,- - -,15.0
2027-2028,- -,20,Int,Luis Ferrer (4/7/2028),,,,,20000000.0,28000000.0,0.0,0.82,23.0,31.0,74.0,2.96,51.0,1.5,42.0,0.0,0.0,0.0,83.0,,,,,0.0,0.0,0.0,0.0,0.0,0.0,0.0,0.0,11.71,328.0,20.0,560.0,59.0,0.0,0.0,0.0,0.0,0.0,0.0,,0.0,0.0,0.0,0.0,,0.0,0.0,,0.0,0.0,,,,,0.0,0.0,,,,0.13,,0.0,0.0,0.0,0.0,0.0,0.0,0.0,,14.0,0.0,0.0,0.0,,,0.0,0.14,,28.0,0.0,0.0,10.94,,0.0,0.0,,0.0,28.0,,1.0,1.0,0.0,,0.0,,,,0.0,0.39,10.94,0.0,,90.0,2520.0,,,,,,,,0.43,,,12.0,0.0,,0.0,28.0,0.0,29.0,39.0,0.39,1.06,0.08,2.25,,7.02,210.0,4.0,- - -,10.0
2027-2028,- -,26,Int,,,,,,12000000.0,17500000.0,107.0,1.95,82.0,92.0,89.0,0.48,15.0,0.07,3.0,0.1,0.24,10.0,20.0,,,,,1.79,75.0,0.52,22.0,1.21,51.0,7.0,0.79,31.92,1340.0,37.66,1581.0,85.0,0.12,5.0,0.0,0.0,0.02,1.0,0.0,0.0,0.0,0.12,5.0,0.12,5.0,0.24,0.81,34.0,2.24,74.0,1.88,79.0,0.67,1.0,0.0,,,,0.11,0.1,4.0,2.6,110.8,0.0,0.0,0.02,1.0,,5.0,0.33,14.0,1.0,0.02,0.21,9.0,0.07,2.55,44.0,1.0,9.0,2.26,,0.57,0.31,,24.0,43.0,,3.0,1.36,5.0,,0.0,,,,0.0,0.05,2.26,0.0,,85.86,3778.0,,,,7.08,0.0,4.0,2.0,0.02,,,1.0,9.0,,2.0,33.0,20.0,55.0,33.0,0.05,-1.26,0.01,0.36,,7.45,3778.0,3.0,- - -,13.0
2027-2028,- -,18,Int,Ricardo Camacho (5/11/2028),,,,,9800000.0,9800000.0,0.0,,,0.0,,,,,,,,0.0,0.0,,,,,,0.0,,0.0,,2.0,,,,6.0,,6.0,100.0,,0.0,,0.0,,1.0,0.0,0.0,0.0,,0.0,,0.0,,,0.0,,,,,,0.0,0.0,,,,0.0,,0.0,,0.6,,0.0,,1.0,,,,0.0,0.0,,,0.0,,,1.0,1.0,0.0,0.0,,,,,0.0,,,0.0,,0.0,,0.0,,,,0.0,,0.0,,,14.0,14.0,,,,,,,,,,,0.0,0.0,,0.0,1.0,0.0,0.0,0.0,,0.0,,0.0,,,,0.0,- - -,13.0
2027-2028,- -,22,,Francis Cagigao (3/28/2028),,,,,91000000.0,128000000.0,159.0,2.53,93.0,113.0,82.0,1.85,37.0,0.68,25.0,0.63,0.08,3.0,68.0,,,,,2.89,106.0,3.95,145.0,14.52,533.0,5.45,16.38,31.17,1144.0,36.7,1347.0,85.0,1.28,47.0,0.3,11.0,2.86,105.0,12.0,15.0,0.0,0.03,1.0,1.42,52.0,0.03,1.44,53.0,15.01,30.0,1.28,47.0,3.05,4.0,0.0,,,,0.13,4.31,158.0,7.9,291.5,0.44,16.0,3.68,135.0,10.0,15.0,0.65,24.0,10.0,0.27,0.41,15.0,0.14,4.33,42.0,2.0,0.0,8.64,,1.2,1.34,,44.0,40.0,,0.0,1.19,5.0,100.0,2.0,,,,2.0,0.21,7.85,20.0,,78.64,3303.0,,,,,,,,0.27,,,10.0,13.0,,18.0,11.0,31.0,35.0,63.0,0.24,1.36,0.2,7.21,,7.18,330.3,5.0,- - -,16.0
2027-2028,- -,22,Inj,,,,,,80000000.0,95000000.0,175.0,1.05,31.0,45.0,69.0,2.82,51.0,1.43,42.0,0.82,0.0,0.0,83.0,,,,,1.05,31.0,1.43,42.0,5.54,163.0,1.8,14.71,16.82,495.0,21.03,619.0,80.0,0.88,26.0,0.03,1.0,0.48,14.0,35.0,16.0,0.0,0.0,0.0,0.99,29.0,0.14,0.58,17.0,5.44,23.0,1.39,41.0,4.55,2.0,4.0,,,,0.13,0.85,25.0,6.2,182.7,0.85,25.0,2.45,72.0,7.0,16.0,0.27,8.0,3.0,0.1,0.07,2.0,0.1,5.95,35.0,0.0,3.0,11.02,,0.82,0.78,,24.0,35.0,,1.0,1.34,1.0,100.0,2.0,,,,2.0,0.37,11.02,0.0,,75.69,2649.0,,,,6.85,0.0,2.0,0.0,0.44,,,13.0,11.0,,10.0,14.0,31.0,35.0,97.0,0.37,1.98,0.13,3.94,,6.89,203.77,3.0,- - -,16.0
2027-2028,- -,19,Int,Bojan Krkic (2/11/2028),,,,,8600000.0,10500000.0,,,,,,,,,,,,,,,,,,,,,,,,,,,,,,,,,,,,,,,,,,,,,,,,,,,,,,,,,,,,,,,,,,,,,,,,,,,,,,,,,,,,,,,,,,,,,,,,,,,,,,,,,,,,,,,,,,,,,,,,,,,,,,,,- - -,13.0
2027-2028,- -,19,,,,,,,9800000.0,9800000.0,87.0,1.38,22.0,26.0,85.0,0.44,29.0,0.13,2.0,0.25,0.31,5.0,7.0,,,,,4.02,64.0,0.69,11.0,2.38,38.0,18.01,2.51,56.92,907.0,63.51,1012.0,90.0,0.06,1.0,0.0,0.0,0.0,0.0,,0.0,0.0,0.06,1.0,0.06,1.0,0.38,2.26,36.0,6.03,69.0,3.77,60.0,1.69,0.0,0.0,,,,0.08,0.25,4.0,7.3,115.7,0.0,0.0,0.0,0.0,,,0.56,9.0,0.0,,0.69,11.0,,5.46,19.0,0.0,2.0,0.57,,1.44,1.63,,23.0,19.0,,1.0,1.32,0.0,,0.0,,,,0.0,0.04,0.57,,,75.47,1434.0,,,,,,,,,,,0.0,7.0,,8.0,4.0,37.0,7.0,5.0,0.04,-0.57,0.01,0.11,,6.66,,0.0,- - -,14.0
2027-2028,- -,26,,,,,,,80000000.0,114000000.0,167.0,1.75,63.0,86.0,73.0,2.19,49.0,1.08,39.0,0.61,0.08,3.0,79.0,,,,,2.25,81.0,3.3,119.0,11.72,422.0,4.33,13.33,25.99,936.0,30.44,1096.0,85.0,1.25,45.0,0.14,5.0,1.72,62.0,11.0,31.0,0.0,0.0,0.0,1.36,49.0,0.03,1.22,44.0,11.83,38.0,1.78,64.0,2.86,5.0,4.0,,,,0.15,2.39,86.0,8.0,289.7,0.19,7.0,1.83,66.0,8.0,15.0,0.42,15.0,11.0,0.31,0.22,8.0,0.17,4.64,40.0,1.0,1.0,11.67,,1.14,1.25,,41.0,39.0,,0.0,1.4,3.0,100.0,4.0,,,,4.0,0.3,10.88,301.0,,81.03,3241.0,,,,,,,,0.33,,,12.0,16.0,,16.0,8.0,40.0,52.0,78.0,0.32,0.33,0.1,3.72,,7.03,270.08,6.0,- - -,15.0
2027-2028,- -,19,Int,Lluis Gonzales (4/6/2028),,,,,5800000.0,8400000.0,,,,,,,,,,,,,,,,,,,,,,,,,,,,,,,,,,,,,,,,,,,,,,,,,,,,,,,,,,,,,,,,,,,,,,,,,,,,,,,,,,,,,,,,,,,,,,,,,,,,,,,,,6.53,0.0,8.0,4.0,,,,,,,,,,,,,,,,,,,,- - -,13.0
2027-2028,- -,19,Wnt,Bojan Krkic (2/11/2028),,,,,7000000.0,8400000.0,2.0,,,0.0,,,30.0,,3.0,,,0.0,10.0,,,,,,0.0,,0.0,,1.0,,,,31.0,,46.0,67.0,,0.0,,0.0,,0.0,,0.0,0.0,,0.0,,0.0,,,0.0,,50.0,,1.0,,0.0,0.0,,,,0.09,,0.0,,2.1,,0.0,,0.0,,,,0.0,0.0,,,0.0,,,4.0,4.0,0.0,0.92,,,,,0.0,,,0.0,,0.0,,0.0,,,,0.0,,0.92,,,14.5,58.0,,,,,,,,,,,0.0,0.0,,1.0,3.0,0.0,4.0,1.0,,-0.92,,0.27,,6.0,,1.0,- - -,11.0
2027-2028,- -,18,Int,Lluis Gonzales (4/6/2028),,,,,43000000.0,50000000.0,2.0,2.5,2.0,2.0,100.0,1.25,0.0,0.0,0.0,0.0,0.0,0.0,1.0,,,,,1.25,1.0,1.25,1.0,7.5,6.0,6.25,8.75,45.0,36.0,50.0,40.0,90.0,0.0,0.0,0.0,0.0,0.0,0.0,,0.0,0.0,0.0,0.0,,0.0,0.0,2.5,2.0,11.25,50.0,1.25,1.0,1.25,0.0,0.0,,,,0.17,1.25,1.0,0.0,7.1,0.0,0.0,0.0,0.0,,,0.0,0.0,0.0,,,0.0,,2.5,3.0,3.0,0.0,0.17,,0.0,0.0,,0.0,,,0.0,1.95,0.0,,0.0,,,,0.0,0.21,0.17,,,24.0,72.0,,,,,,,,,,,0.0,3.0,,0.0,0.0,100.0,0.0,0.0,0.21,-0.17,0.0,0.0,,6.6,,0.0,- - -,11.0
2027-2028,- -,18,Int,6 Focuses,,,,,43000000.0,50000000.0,20.0,2.43,10.0,11.0,91.0,0.49,100.0,0.49,2.0,0.0,0.24,1.0,2.0,,,,,2.68,11.0,1.95,8.0,4.62,19.0,13.14,6.08,63.0,259.0,67.14,276.0,94.0,0.24,1.0,0.0,0.0,0.24,1.0,0.0,0.0,1.0,0.49,2.0,0.24,1.0,0.24,2.68,11.0,7.54,60.0,2.92,12.0,1.95,0.0,0.0,,,,0.1,0.73,3.0,7.3,30.2,0.0,0.0,0.24,1.0,,,0.73,3.0,1.0,0.24,0.24,1.0,,4.86,5.0,0.0,1.0,0.21,,1.95,1.95,,8.0,5.0,,0.0,1.45,0.0,,0.0,,,,0.0,0.05,0.21,,,74.0,370.0,,,,,,,,,,,0.0,2.0,,2.0,1.0,40.0,4.0,0.0,0.05,-0.21,0.06,0.23,,6.58,,0.0,- - -,12.0
2027-2028,- -,19,,Ricardo Camacho (4/16/2028),,,,,18500000.0,27000000.0,5.0,,2.0,2.0,100.0,,40.0,,2.0,,,0.0,5.0,,,,,,1.0,,2.0,,7.0,,,,23.0,,26.0,88.0,,0.0,,0.0,,0.0,,0.0,0.0,,0.0,,0.0,,,0.0,,60.0,,3.0,,0.0,1.0,,,,0.11,,0.0,,5.2,,0.0,,0.0,,20.0,,0.0,0.0,,,0.0,,,5.0,5.0,0.0,0.53,,,,,2.0,,,0.0,,0.0,,0.0,,,,0.0,,0.53,38.0,,13.8,69.0,,,,,,,,,,,1.0,3.0,,0.0,2.0,60.0,0.0,2.0,,0.47,,0.19,,6.8,69.0,0.0,- - -,12.0
2027-2028,- -,18,,Florian Zahn (5/30/2028),,,,,11000000.0,16000000.0,,,,,,,,,,,,,,,,,,,,,,,,,,,,,,,,,,,,,,,,,,,,,,,,,,,,,,,,,,,,,,,,,,,,,,,,,,,,,,,,,,,,,,,,,,,,,,,,,,,,,,,,,,,,,,,,,,,,,,,,,,,,,,,,- - -,10.0
2027-2028,- -,22,Int,Vito Leccese (4/8/2028),,,,,49000000.0,60000000.0,16.0,2.67,13.0,14.0,93.0,2.05,40.0,0.82,4.0,0.62,0.0,0.0,10.0,,,,,2.87,14.0,3.9,19.0,11.07,54.0,3.69,20.09,29.11,142.0,35.88,175.0,81.0,1.03,5.0,0.41,2.0,3.49,17.0,12.0,1.0,0.0,0.0,0.0,1.03,5.0,0.0,1.03,5.0,13.33,6.0,0.21,1.0,3.08,0.0,0.0,,,,0.16,3.28,16.0,7.5,36.7,0.41,2.0,3.49,17.0,11.0,,0.62,3.0,2.0,0.41,0.41,2.0,0.41,3.28,12.0,10.0,0.0,1.63,,1.64,0.82,,8.0,2.0,,0.0,2.25,1.0,,0.0,,,,0.0,0.33,1.63,,,36.58,439.0,,,,,,,,,,,0.0,8.0,,1.0,3.0,67.0,4.0,7.0,0.33,-1.63,0.38,1.87,,6.88,,2.0,- - -,16.0
2027-2028,- -,19,Wnt,Lluis Gonzales,,,,,23000000.0,28000000.0,4.0,,2.0,2.0,100.0,,0.0,,0.0,,,0.0,3.0,,,,,,1.0,,2.0,,4.0,,,,9.0,,12.0,75.0,,1.0,,0.0,,0.0,,0.0,0.0,,0.0,,1.0,,,1.0,,0.0,,0.0,,0.0,0.0,,,,0.05,,0.0,,3.2,,0.0,,0.0,,,,0.0,0.0,,,0.0,,,3.0,3.0,0.0,0.15,,,,,0.0,,,0.0,,0.0,,0.0,,,,0.0,,0.15,,,17.33,52.0,,,,,,,,,,,0.0,1.0,,2.0,0.0,33.0,0.0,2.0,,-0.15,,0.04,,6.5,,0.0,- - -,17.0
2027-2028,- -,26,Int,,,,,,114000000.0,134000000.0,83.0,1.87,66.0,75.0,88.0,1.56,33.0,0.51,18.0,0.2,0.08,3.0,55.0,,,,,2.66,94.0,1.47,52.0,5.66,200.0,7.13,2.15,32.83,1161.0,37.75,1335.0,87.0,0.48,17.0,0.03,1.0,0.08,3.0,33.0,0.0,0.0,0.06,2.0,0.48,17.0,0.08,1.07,38.0,6.87,46.0,1.07,38.0,1.27,0.0,2.0,,,,0.11,0.62,22.0,4.3,153.8,0.03,1.0,0.08,3.0,33.0,4.0,0.28,10.0,3.0,0.08,0.23,8.0,0.17,2.35,36.0,0.0,0.0,6.03,,0.96,0.59,,34.0,36.0,,0.0,1.5,1.0,,0.0,,,,0.0,0.17,6.03,0.0,,88.42,3183.0,,,,7.01,0.0,7.0,0.0,0.06,,,2.0,12.0,,6.0,18.0,33.0,35.0,31.0,0.17,-4.03,0.1,3.63,,7.17,1591.5,6.0,- - -,13.0
2027-2028,- -,22,Int,,,,,,64000000.0,88000000.0,16.0,1.36,6.0,9.0,67.0,3.17,64.0,2.04,9.0,0.23,0.0,0.0,14.0,,,,,1.81,8.0,2.94,13.0,12.44,55.0,6.11,18.09,30.08,133.0,35.73,158.0,84.0,1.36,6.0,0.68,3.0,2.94,13.0,23.0,0.0,0.0,0.0,0.0,1.36,6.0,0.0,2.49,11.0,14.92,6.0,0.23,1.0,3.39,0.0,0.0,,,,0.09,2.49,11.0,8.3,36.9,0.68,3.0,2.94,13.0,23.0,21.0,0.45,2.0,3.0,0.68,0.45,2.0,0.23,3.62,10.0,7.0,0.0,1.22,,2.04,0.9,,9.0,3.0,,0.0,1.7,0.0,,0.0,,,,0.0,0.28,1.22,1.0,,39.8,398.0,,,,6.45,0.0,2.0,0.0,0.68,,,3.0,5.0,,3.0,2.0,50.0,4.0,2.0,0.28,1.78,0.36,1.6,,6.91,132.67,1.0,- - -,16.0
2027-2028,- -,21,Wnt,,,,,,49000000.0,70000000.0,7.0,1.29,44.0,65.0,68.0,3.74,56.0,2.09,71.0,0.09,0.0,0.0,127.0,,,,,0.12,4.0,0.12,4.0,0.62,21.0,0.76,0.91,13.65,464.0,20.94,712.0,65.0,0.06,2.0,0.0,0.0,0.0,0.0,,0.0,0.0,0.0,0.0,0.12,4.0,0.0,0.09,3.0,0.82,43.0,0.09,3.0,0.12,0.0,0.0,,,,0.12,0.15,5.0,0.5,17.5,0.06,2.0,0.29,10.0,,15.0,0.06,2.0,0.0,,,0.0,0.35,0.21,34.0,0.0,1.0,14.64,,0.06,0.12,,2.0,34.0,,0.0,0.94,1.0,67.0,2.0,,,,3.0,0.36,12.24,0.0,,90.0,3060.0,,,,6.8,0.0,1.0,1.0,0.56,,,19.0,0.0,,2.0,32.0,0.0,20.0,49.0,0.43,4.36,0.13,4.5,,7.44,161.05,12.0,- - -,16.0
2027-2028,- -,18,Int,6 Focuses,,,,,28000000.0,39000000.0,,,,,,,,,,,,,,,,,,,,,,,,,,,,,,,,,,,,,,,,,,,,,,,,,,,,,,,,,,,,,,,,,,,,,,,,,,,,,,,,,,,,,,,,,,,,,,,,,,,,,,,,,6.6,0.0,2.0,1.0,,,,,,,,,,,,,,,,,,,,- - -,10.0
2027-2028,- -,19,Int,,,,,,7200000.0,7200000.0,57.0,3.02,44.0,61.0,72.0,,,,,0.0,0.55,8.0,0.0,,,,,6.11,89.0,2.68,39.0,8.86,129.0,13.74,17.52,42.94,625.0,47.75,695.0,90.0,0.89,13.0,0.41,6.0,2.95,43.0,14.0,1.0,0.0,0.07,1.0,0.89,13.0,0.07,2.95,43.0,14.56,54.0,2.13,31.0,1.79,0.0,0.0,,,,0.0,1.37,20.0,7.4,108.1,0.41,6.0,2.95,43.0,13.0,,0.96,14.0,1.0,0.07,0.55,8.0,,3.92,19.0,7.0,2.0,0.0,,1.44,0.62,,21.0,12.0,,0.0,2.05,0.0,,0.0,,,,0.0,0.0,0.0,,,68.95,1310.0,,,,,,,,,,,0.0,12.0,,4.0,3.0,63.0,16.0,12.0,0.0,0.0,0.01,0.17,,6.65,,0.0,- - -,14.0
2027-2028,- -,18,Int,Florian Zahn (5/30/2028),,,,,22000000.0,32000000.0,25.0,1.65,12.0,14.0,86.0,0.83,33.0,0.28,2.0,0.41,0.83,6.0,6.0,,,,,4.27,31.0,2.34,17.0,9.91,72.0,9.91,9.5,38.39,279.0,43.49,316.0,88.0,1.24,9.0,0.14,1.0,0.28,2.0,50.0,0.0,0.0,0.0,0.0,1.24,9.0,0.14,0.83,6.0,13.9,32.0,1.1,8.0,2.34,0.0,0.0,,,,0.1,0.28,2.0,7.9,57.5,0.14,1.0,0.28,2.0,50.0,17.0,1.24,9.0,1.0,0.14,0.41,3.0,,3.44,13.0,6.0,0.0,0.59,,1.93,1.24,,14.0,7.0,,0.0,1.31,0.0,,0.0,,,,0.0,0.08,0.59,0.0,,50.31,654.0,,,,,,,,0.14,,,1.0,4.0,,4.0,5.0,31.0,8.0,5.0,0.08,0.41,0.09,0.67,,6.81,654.0,0.0,- - -,14.0
2027-2028,- -,18,Int,,,,,,14000000.0,17500000.0,140.0,3.17,95.0,117.0,81.0,1.03,42.0,0.43,13.0,0.3,0.1,3.0,31.0,,,,,3.03,91.0,3.7,111.0,15.43,463.0,7.8,16.49,30.26,908.0,37.02,1111.0,82.0,0.8,24.0,0.43,13.0,3.2,96.0,13.0,10.0,0.0,0.1,3.0,0.83,25.0,0.13,1.93,58.0,13.0,49.0,2.3,69.0,2.37,0.0,0.0,,,,0.1,3.93,118.0,8.3,249.0,0.43,13.0,3.23,97.0,13.0,6.0,1.0,30.0,10.0,0.33,0.43,13.0,0.03,4.66,31.0,0.0,12.0,3.16,,0.83,1.4,,25.0,31.0,,0.0,0.84,0.0,,0.0,,,,0.0,0.11,3.16,4.0,,87.13,2701.0,,,,,,,,0.07,,,2.0,7.0,,19.0,5.0,23.0,65.0,48.0,0.11,-1.16,0.11,3.16,,6.67,1350.5,1.0,- - -,15.0
2027-2028,- -,19,Int,Ricardo Camacho (4/16/2028),,,,,30000000.0,30000000.0,26.0,0.66,11.0,24.0,46.0,2.12,43.0,0.91,15.0,0.3,0.12,2.0,35.0,,,,,2.24,37.0,1.27,21.0,4.23,70.0,5.32,3.51,27.14,449.0,33.79,559.0,80.0,0.36,6.0,0.06,1.0,0.66,11.0,9.0,1.0,0.0,0.0,0.0,0.36,6.0,0.06,0.91,15.0,5.56,42.0,0.66,11.0,0.91,1.0,0.0,,,,0.14,0.36,6.0,3.4,56.9,0.06,1.0,0.66,11.0,9.0,9.0,0.36,6.0,1.0,0.06,0.12,2.0,0.18,1.57,21.0,5.0,0.0,4.84,,0.66,0.54,,11.0,16.0,,0.0,1.52,1.0,100.0,1.0,,,,1.0,0.29,4.84,0.0,,70.9,1489.0,,,,,,,,0.18,,,3.0,7.0,,3.0,11.0,33.0,18.0,18.0,0.29,-1.84,0.13,2.17,,6.83,496.33,3.0,- - -,12.0
2027-2028,- -,25,Int,,,,,,86000000.0,86000000.0,83.0,1.77,52.0,72.0,72.0,1.5,48.0,0.72,21.0,0.61,0.0,0.0,44.0,,,,,3.92,115.0,3.34,98.0,11.63,341.0,13.71,11.09,40.02,1173.0,45.2,1325.0,89.0,1.57,46.0,0.24,7.0,1.23,36.0,20.0,1.0,0.0,0.0,0.0,2.59,76.0,0.17,1.84,54.0,12.11,39.0,1.09,32.0,1.74,2.0,4.0,,,,0.11,2.35,69.0,7.8,227.6,1.47,43.0,7.2,211.0,19.0,23.0,0.61,18.0,16.0,0.55,0.24,7.0,0.14,2.83,31.0,0.0,0.0,4.63,,1.64,1.02,,48.0,31.0,,0.0,1.87,1.0,0.0,0.0,,,,1.0,0.13,3.82,483.0,,85.1,2638.0,,,,6.95,1.0,10.0,0.0,0.34,,,10.0,16.0,,5.0,10.0,52.0,14.0,21.0,0.16,5.37,0.22,6.54,,7.34,263.8,4.0,- - -,15.0
2027-2028,- -,19,,,,,,,16000000.0,16000000.0,3.0,,3.0,3.0,100.0,,,,,,,0.0,0.0,,,,,,5.0,,2.0,,6.0,,,,32.0,,35.0,91.0,,0.0,,0.0,,3.0,0.0,0.0,0.0,,0.0,,0.0,,,2.0,,100.0,,3.0,,0.0,0.0,,,,0.0,,0.0,,5.3,,0.0,,3.0,,,,0.0,0.0,,,1.0,,,3.0,3.0,0.0,0.0,,,,,1.0,,,0.0,,0.0,,0.0,,,,0.0,,0.0,,,21.67,65.0,,,,,,,,,,,0.0,1.0,,2.0,0.0,33.0,1.0,0.0,,0.0,,0.0,,6.57,,0.0,- - -,12.0
2027-2028,- -,19,Int,,,,,,7600000.0,11000000.0,252.0,1.53,58.0,71.0,82.0,0.16,50.0,0.08,3.0,0.03,0.26,10.0,6.0,,,,,4.37,166.0,1.45,55.0,3.52,134.0,14.31,4.58,52.13,1982.0,57.15,2173.0,91.0,0.39,15.0,0.11,4.0,0.39,15.0,27.0,0.0,0.0,0.16,6.0,0.39,15.0,1.13,1.37,52.0,6.21,60.0,4.0,152.0,2.63,1.0,0.0,,,,0.11,0.39,15.0,7.2,272.8,0.11,4.0,0.39,15.0,26.0,17.0,1.0,38.0,2.0,0.05,0.6,23.0,,6.63,39.0,0.0,0.0,0.65,,1.63,0.66,,62.0,39.0,,0.0,1.95,2.0,,0.0,,,,0.0,0.02,0.65,805.0,,87.74,3422.0,,,,,,,,0.03,,,1.0,22.0,,7.0,10.0,56.0,23.0,15.0,0.02,0.35,0.02,0.7,,6.8,3422.0,0.0,- - -,15.0
2027-2028,- -,19,Int,,,,,,13500000.0,16000000.0,,,,,,,,,,,,,,,,,,,,,,,,,,,,,,,,,,,,,,,,,,,,,,,,,,,,,,,,,,,,,,,,,,,,,,,,,,,,,,,,,,,,,,,,,,,,,,,,,,,,,,,,0.0,6.8,0.0,1.0,0.0,,,,,,,,,,,,,,,,,,,,- - -,10.0
2027-2028,- -,20,Int,4 Focuses,,,,,52000000.0,62000000.0,5.0,0.93,1.0,1.0,100.0,2.78,33.0,0.93,1.0,2.78,0.0,0.0,3.0,,,,,0.93,1.0,0.93,1.0,7.42,8.0,0.93,17.63,18.56,20.0,23.2,25.0,80.0,0.0,0.0,0.93,1.0,1.86,2.0,50.0,0.0,0.0,0.0,0.0,,0.0,0.0,,0.0,6.49,20.0,0.93,1.0,3.71,0.0,1.0,,,,0.08,0.93,1.0,6.9,7.5,0.93,1.0,1.86,2.0,50.0,,0.0,0.0,0.0,,,0.0,,4.64,6.0,6.0,0.0,0.25,,0.0,0.0,,0.0,,,0.0,1.6,0.0,,0.0,,,,0.0,0.23,0.25,,,16.17,97.0,,,,,,,,,,,0.0,3.0,,2.0,1.0,50.0,0.0,2.0,0.23,-0.25,0.0,0.0,,6.65,,0.0,- - -,11.0
2027-2028,- -,23,,Luis Ferrer (4/7/2028),,,,,25000000.0,30000000.0,102.0,2.62,66.0,86.0,77.0,1.75,45.0,0.8,20.0,0.8,0.08,2.0,44.0,,,,,2.43,61.0,2.78,70.0,10.46,263.0,3.54,17.1,28.52,717.0,34.36,864.0,83.0,1.07,27.0,0.56,14.0,2.7,68.0,19.0,10.0,1.0,0.0,0.0,1.23,31.0,0.04,1.11,28.0,11.85,52.0,2.11,53.0,1.95,1.0,0.0,,,,0.1,4.02,101.0,6.7,168.5,0.68,17.0,3.5,88.0,20.0,11.0,0.48,12.0,7.0,0.28,0.16,4.0,0.28,4.06,29.0,0.0,1.0,4.24,,0.95,1.23,,24.0,29.0,,0.0,1.24,4.0,,0.0,,,,0.0,0.17,4.24,0.0,,78.03,2263.0,,,,,,,,0.2,,,5.0,8.0,,9.0,12.0,28.0,24.0,27.0,0.17,0.76,0.11,2.82,,7.06,452.6,7.0,- - -,15.0
2027-2028,- -,19,,,,,,,9600000.0,14000000.0,29.0,2.13,8.0,8.0,100.0,,,,,0.0,0.8,3.0,0.0,,,,,4.79,18.0,1.6,6.0,3.2,12.0,9.59,4.53,48.46,182.0,57.78,217.0,84.0,0.0,0.0,0.0,0.0,0.27,1.0,0.0,1.0,0.0,0.0,0.0,,0.0,0.8,1.07,4.0,6.66,76.0,5.86,22.0,1.86,0.0,0.0,,,,0.0,,0.0,7.4,27.8,0.0,0.0,0.27,1.0,,,1.07,4.0,0.0,,0.27,1.0,,7.72,6.0,1.0,1.0,0.0,,0.53,2.13,,2.0,5.0,,0.0,1.1,0.0,,0.0,,,,0.0,0.0,0.0,,,56.33,338.0,,,,,,,,,,,0.0,1.0,,3.0,2.0,17.0,3.0,0.0,0.0,0.0,0.0,0.0,,6.65,,0.0,- - -,12.0
2027-2028,- -,18,Wnt,,,,,,36000000.0,50000000.0,,,,,,,,,,,,,,,,,,,,,,,,,,,,,,,,,,,,,,,,,,,,,,,,,,,,,,,,,,,,,,,,,,,,,,,,,,,,,,,,,,,,,,,,,,,,,,,,,,,,,,,,,,,,,,,,,,,,,,,,,,,,,,,,- - -,14.0
2027-2028,- -,18,,Ricardo Camacho (3/18/2028),,,,,2300000.0,2300000.0,1.0,,1.0,2.0,50.0,,,,,,,0.0,0.0,,,,,,0.0,,0.0,,2.0,,,,5.0,,5.0,100.0,,0.0,,0.0,,0.0,,1.0,0.0,,0.0,,0.0,,,0.0,,0.0,,0.0,,0.0,0.0,,,,0.0,,0.0,,2.7,,0.0,,0.0,,,,0.0,0.0,,,0.0,,,1.0,1.0,0.0,0.0,,,,,0.0,,,0.0,,0.0,,0.0,,,,0.0,,0.0,,,29.0,29.0,,,,,,,,,,,0.0,0.0,,1.0,0.0,0.0,1.0,1.0,,0.0,,0.0,,6.6,,0.0,- - -,13.0
2027-2028,- -,19,Int,6 Focuses,,,,,29000000.0,41000000.0,15.0,0.97,3.0,5.0,60.0,0.97,67.0,0.65,2.0,0.32,0.0,0.0,3.0,,,,,2.58,8.0,2.9,9.0,10.65,33.0,6.13,17.42,28.06,87.0,35.48,110.0,79.0,0.97,3.0,0.0,0.0,1.94,6.0,0.0,1.0,0.0,0.0,0.0,0.97,3.0,0.0,1.29,4.0,12.26,33.0,1.61,5.0,3.23,0.0,0.0,,,,0.14,1.94,6.0,7.2,22.4,0.0,0.0,1.94,6.0,,,0.65,2.0,0.0,,,0.0,,4.84,11.0,10.0,0.0,0.41,,1.29,0.65,,4.0,1.0,,0.0,1.09,0.0,,0.0,,,,0.0,0.13,0.41,,,25.36,279.0,,,,,,,,,,,0.0,2.0,,3.0,6.0,18.0,6.0,2.0,0.13,-0.41,0.03,0.1,,6.75,,0.0,- - -,17.0
2027-2028,- -,20,,Javier Ribalta (5/7/2028),,,,,11500000.0,16000000.0,0.0,,,0.0,,,,,,,,0.0,0.0,,,,,,0.0,,0.0,,1.0,,,,4.0,,5.0,80.0,,0.0,,0.0,,0.0,,0.0,0.0,,0.0,,0.0,,,0.0,,,,,,0.0,0.0,,,,0.0,,0.0,,0.1,,0.0,,0.0,,,,0.0,0.0,,,0.0,,,1.0,1.0,0.0,0.0,,,,,1.0,,,0.0,,0.0,,0.0,,,,0.0,,0.0,,,8.0,8.0,,,,,,,,,,,0.0,0.0,,0.0,1.0,0.0,0.0,0.0,,0.0,,0.0,,,,0.0,- - -,11.0
2027-2028,- -,23,Wnt,Vito Leccese (4/8/2028),,,,,10500000.0,13000000.0,58.0,2.62,31.0,37.0,84.0,1.44,24.0,0.34,4.0,0.51,0.0,0.0,17.0,,,,,2.46,29.0,3.47,41.0,12.45,147.0,4.06,17.02,30.48,360.0,34.63,409.0,88.0,1.02,12.0,0.42,5.0,2.46,29.0,17.0,2.0,0.0,0.08,1.0,1.02,12.0,0.0,2.12,25.0,13.12,21.0,1.02,12.0,3.89,0.0,0.0,,,,0.09,2.46,29.0,7.7,91.5,0.42,5.0,2.46,29.0,17.0,6.0,0.51,6.0,4.0,0.34,0.34,4.0,0.08,4.91,34.0,28.0,2.0,1.48,,0.93,1.69,,11.0,6.0,,0.0,0.71,0.0,,0.0,,,,0.0,0.13,1.48,1002.0,,31.26,1063.0,,,,,,,,0.08,,,1.0,5.0,,20.0,9.0,15.0,17.0,18.0,0.13,-0.48,0.1,1.24,,6.69,1063.0,1.0,- - -,14.0
2027-2028,- -,26,Wnt,,,,,,7600000.0,7600000.0,21.0,1.86,22.0,25.0,88.0,3.31,51.0,1.69,20.0,0.25,0.0,0.0,39.0,,,,,0.85,10.0,1.44,17.0,5.59,66.0,3.14,7.29,18.31,216.0,25.51,301.0,72.0,0.25,3.0,0.51,6.0,1.53,18.0,31.0,2.0,0.0,0.0,0.0,0.25,3.0,0.08,0.59,7.0,6.69,76.0,1.36,16.0,0.42,0.0,0.0,,,,0.09,1.19,14.0,3.1,36.8,0.68,8.0,2.2,26.0,33.0,8.0,0.0,0.0,0.0,,0.08,1.0,0.17,1.78,12.0,0.0,1.0,3.69,,0.59,0.51,,7.0,12.0,,0.0,1.08,1.0,100.0,1.0,,,,1.0,0.31,3.69,0.0,,88.5,1062.0,,,,,,,,0.25,,,3.0,1.0,,1.0,10.0,8.0,10.0,19.0,0.31,-0.69,0.07,0.79,,7.12,354.0,2.0,- - -,14.0
2027-2028,- -,25,,2 Focuses,,,,,71000000.0,84000000.0,2.0,1.8,3.0,3.0,100.0,1.8,33.0,0.6,1.0,1.2,0.0,0.0,3.0,,,,,3.0,5.0,1.2,2.0,9.6,16.0,3.0,11.4,36.6,61.0,43.2,72.0,85.0,0.6,1.0,0.0,0.0,3.6,6.0,20.0,1.0,0.0,0.0,0.0,1.8,3.0,0.0,0.6,1.0,12.0,0.0,0.0,0.0,1.2,0.0,0.0,,,,0.05,0.6,1.0,7.8,12.9,1.2,2.0,6.0,10.0,,,0.0,0.0,0.0,,,0.0,0.6,1.2,7.0,7.0,0.0,0.15,,2.4,1.2,,4.0,,,0.0,2.15,0.0,,0.0,,,,0.0,0.09,0.15,,,21.43,150.0,,,,,,,,,,,0.0,5.0,,0.0,2.0,71.0,1.0,1.0,0.09,-0.15,0.06,0.1,,6.68,,1.0,- - -,12.0
2027-2028,- -,18,,,,,,,10500000.0,10500000.0,31.0,1.78,7.0,11.0,64.0,,,,,0.0,0.51,2.0,0.0,,,,,4.08,16.0,2.29,9.0,4.33,17.0,17.34,3.57,44.62,175.0,53.03,208.0,84.0,1.27,5.0,0.0,0.0,0.0,0.0,,0.0,0.0,0.51,2.0,1.27,5.0,0.25,1.53,6.0,5.1,74.0,5.86,23.0,2.04,0.0,0.0,,,,0.0,0.25,1.0,6.7,26.2,0.0,0.0,0.0,0.0,,,2.29,9.0,0.0,,1.02,4.0,,7.9,4.0,1.0,0.0,0.0,,2.29,0.25,,9.0,3.0,,0.0,1.9,0.0,,0.0,,,,0.0,0.0,0.0,,,88.25,353.0,,,,,,,,,,,0.0,3.0,,0.0,1.0,75.0,1.0,0.0,0.0,0.0,0.0,0.0,,7.05,,0.0,- - -,13.0
2027-2028,- -,18,Int,Bojan Krkic (4/4/2028),,,,,9400000.0,11000000.0,86.0,1.57,22.0,27.0,81.0,0.79,18.0,0.14,2.0,0.21,1.86,26.0,11.0,,,,,4.71,66.0,1.5,21.0,4.14,58.0,15.49,3.71,48.25,676.0,55.96,784.0,86.0,0.29,4.0,0.0,0.0,0.0,0.0,,0.0,0.0,0.5,7.0,0.29,4.0,0.57,1.36,19.0,4.85,60.0,3.71,52.0,2.43,0.0,0.0,,,,0.1,0.14,2.0,7.1,99.9,0.0,0.0,0.0,0.0,,,1.71,24.0,1.0,0.07,0.43,6.0,,6.14,15.0,0.0,1.0,1.05,,0.93,1.07,,13.0,15.0,,0.0,1.2,0.0,,0.0,,,,0.0,0.07,1.05,,,84.07,1261.0,,,,,,,,,,,0.0,4.0,,5.0,6.0,27.0,9.0,2.0,0.07,-1.05,0.03,0.41,,6.72,,0.0,- - -,9.0
2027-2028,- -,19,Wnt,Ricardo Camacho (4/16/2028),,,,,24000000.0,29000000.0,,,,,,,,,,,,,,,,,,,,,,,,,,,,,,,,,,,,,,,,,,,,,,,,,,,,,,,,,,,,,,,,,,,,,,,,,,,,,,,,,,,,,,,,,,,,,,,,,,,,,,,,,,,,,,,,,,,,,,,,,,,,,,,,- - -,12.0
2027-2028,- -,20,Int,Florian Zahn,,,,,66000000.0,80000000.0,6.0,1.88,12.0,12.0,100.0,0.47,0.0,0.0,0.0,0.0,0.0,0.0,3.0,,,,,0.94,6.0,0.16,1.0,0.94,6.0,2.51,0.63,24.62,157.0,28.85,184.0,85.0,0.16,1.0,0.0,0.0,0.0,0.0,,0.0,0.0,0.0,0.0,0.16,1.0,0.0,,0.0,1.57,50.0,0.47,3.0,0.47,0.0,0.0,,,,0.16,,0.0,1.5,9.8,0.0,0.0,0.0,0.0,,,0.16,1.0,0.0,,0.16,1.0,,0.94,11.0,6.0,2.0,0.47,,0.47,0.31,,3.0,5.0,,0.0,1.36,0.0,,0.0,,,,0.0,0.07,0.47,,,52.18,574.0,,,,6.6,0.0,4.0,0.0,,,,0.0,3.0,,2.0,6.0,27.0,4.0,7.0,0.07,-0.47,0.0,0.0,,7.14,,0.0,- - -,13.0
2027-2028,- -,29,Wnt,,,,,,0.0,0.0,,,,,,,,,,,,,,,,,,,,,,,,,,,,,,,,,,,,,,,,,,,,,,,,,,,,,,,,,,,,,,,,,,,,,,,,,,,,,,,,,,,,,,,,,,,,,,,,,,,,,,,,,,,,,,,,,,,,,,,,,,,,,,,,- - -,13.0
2027-2028,- -,19,,Gaby Ruiz,,,,,64000000.0,90000000.0,318.0,1.21,58.0,79.0,73.0,0.48,35.0,0.17,8.0,0.06,0.38,18.0,23.0,,,,,3.77,181.0,1.06,51.0,3.42,164.0,14.84,4.69,54.66,2622.0,60.58,2906.0,90.0,0.13,6.0,0.0,0.0,0.13,6.0,0.0,2.0,1.0,0.17,8.0,0.13,6.0,0.75,2.04,98.0,6.69,73.0,4.86,233.0,1.77,1.0,0.0,,,,0.1,0.1,5.0,7.3,350.8,0.0,0.0,0.13,6.0,,4.0,0.98,47.0,1.0,0.02,0.58,28.0,0.02,6.63,47.0,0.0,1.0,2.37,,1.13,1.02,,54.0,47.0,,0.0,1.45,2.0,,0.0,,,,0.0,0.05,2.37,2310.0,,91.85,4317.0,,,,7.1,0.0,4.0,0.0,0.02,,,1.0,17.0,,13.0,17.0,36.0,19.0,12.0,0.05,-1.37,0.02,0.83,,6.82,4317.0,1.0,- - -,13.0
2027-2028,- -,19,Wnt,,,,,,24000000.0,34000000.0,1.0,,,0.0,,,0.0,,0.0,,,0.0,1.0,,,,,,0.0,,0.0,,2.0,,,,3.0,,4.0,75.0,,0.0,,0.0,,0.0,,0.0,0.0,,0.0,,0.0,,,0.0,,0.0,,0.0,,0.0,0.0,,,,0.05,,1.0,,1.4,,0.0,,0.0,,,,0.0,0.0,,,0.0,,,1.0,1.0,0.0,0.05,,,,,0.0,,,0.0,,0.0,,0.0,,,,0.0,,0.05,,,14.0,14.0,,,,,,,,,,,0.0,1.0,,0.0,0.0,100.0,0.0,0.0,,-0.05,,0.0,,,,0.0,- - -,12.0
2027-2028,- -,20,Int,Javier Ribalta (4/12/2028),,,,,52000000.0,72000000.0,0.0,2.22,73.0,90.0,81.0,0.43,29.0,0.12,4.0,0.0,0.0,0.0,14.0,,,,,0.0,0.0,0.0,0.0,0.0,0.0,0.0,0.0,14.87,489.0,20.68,680.0,72.0,0.0,0.0,0.0,0.0,0.0,0.0,,0.0,0.0,0.0,0.0,,0.0,0.0,,0.0,0.0,,,,,0.0,0.0,,,,0.1,,0.0,0.0,0.0,0.0,0.0,0.0,0.0,,21.0,0.0,0.0,0.0,,,0.0,0.15,,34.0,2.0,0.0,1.33,,0.0,0.0,,0.0,32.0,,1.0,1.0,0.0,,0.0,,,,0.0,0.04,1.33,0.0,,87.03,2959.0,,,,,,,,0.09,,,3.0,0.0,,0.0,34.0,0.0,35.0,37.0,0.04,1.67,0.07,2.23,,7.34,986.33,5.0,- - -,12.0
2027-2028,- -,18,,4 Focuses,,,,,28000000.0,39000000.0,,,,,,,,,,,,,,,,,,,,,,,,,,,,,,,,,,,,,,,,,,,,,,,,,,,,,,,,,,,,,,,,,,,,,,,,,,,,,,,,,,,,,,,,,,,,,,,,,,,,,,,,,,,,,,,,,,,,,,,,,,,,,,,,- - -,11.0
2027-2028,- -,19,Int,,,,,,30000000.0,36000000.0,,,,,,,,,,,,,,,,,,,,,,,,,,,,,,,,,,,,,,,,,,,,,,,,,,,,,,,,,,,,,,,,,,,,,,,,,,,,,,,,,,,,,,,,,,,,,,,,,,,,,,,,,6.42,0.0,5.0,3.0,,,,,,,,,,,,,,,,,,,,- - -,11.0
2027-2028,- -,21,,,,,,,28000000.0,39000000.0,63.0,1.51,25.0,40.0,63.0,2.6,51.0,1.33,22.0,0.97,0.06,1.0,43.0,,,,,1.99,33.0,2.84,47.0,10.27,170.0,12.99,12.38,28.27,468.0,33.77,559.0,84.0,1.27,21.0,0.0,0.0,0.79,13.0,0.0,6.0,0.0,0.06,1.0,1.27,21.0,0.0,1.21,20.0,11.66,16.0,0.6,10.0,3.2,2.0,0.0,,,,0.1,2.48,41.0,8.1,133.5,0.0,0.0,0.79,13.0,,21.0,0.66,11.0,6.0,0.36,0.36,6.0,0.06,3.81,27.0,14.0,0.0,4.09,,2.3,0.66,,38.0,13.0,,0.0,2.44,0.0,,0.0,,,,0.0,0.25,4.09,69.0,,55.19,1490.0,,,,,,,,0.54,,,9.0,21.0,,3.0,3.0,78.0,9.0,11.0,0.25,4.91,0.12,1.93,,7.02,165.56,1.0,- - -,16.0
2027-2028,- -,19,,,,,,,,,24.0,1.12,11.0,18.0,61.0,1.01,60.0,0.61,6.0,0.1,0.0,0.0,10.0,,,,,2.33,23.0,1.93,19.0,10.55,104.0,8.73,16.13,37.64,371.0,42.21,416.0,89.0,0.51,5.0,0.0,0.0,0.51,5.0,0.0,0.0,0.0,0.1,1.0,0.51,5.0,0.0,1.72,17.0,9.44,67.0,1.62,16.0,0.81,0.0,0.0,,,,0.1,0.81,8.0,7.0,69.1,0.0,0.0,0.51,5.0,,20.0,1.12,11.0,1.0,0.1,0.61,6.0,0.1,2.44,12.0,0.0,1.0,0.97,,0.71,1.32,,7.0,12.0,,0.0,0.83,0.0,,0.0,,,,0.0,0.1,0.97,0.0,,73.92,887.0,,,,,,,,0.2,,,2.0,2.0,,6.0,4.0,17.0,9.0,6.0,0.1,1.03,0.04,0.41,,7.04,443.5,1.0,- - -,11.0
2027-2028,- -,19,Int,,,,,,71000000.0,71000000.0,179.0,0.89,24.0,34.0,71.0,3.05,54.0,1.64,44.0,0.82,0.0,0.0,82.0,,,,,1.23,33.0,1.45,39.0,6.88,185.0,2.79,12.09,19.61,527.0,23.59,634.0,83.0,1.12,30.0,0.0,0.0,0.56,15.0,12.0,16.0,0.0,0.04,1.0,1.12,30.0,0.15,0.97,26.0,6.66,19.0,1.26,34.0,5.39,3.0,4.0,,,,0.1,1.0,27.0,7.5,201.0,0.11,3.0,0.93,25.0,,15.0,0.33,9.0,8.0,0.3,0.04,1.0,0.04,6.66,33.0,0.0,3.0,8.17,,1.23,1.0,,33.0,33.0,,0.0,1.55,0.0,,0.0,,,,0.0,0.3,8.17,359.0,,73.3,2419.0,,,,6.67,0.0,7.0,0.0,0.45,,,12.0,14.0,,10.0,9.0,42.0,26.0,93.0,0.3,3.83,0.16,4.26,,6.92,201.58,1.0,- - -,15.0
2027-2028,- -,19,,Gaby Ruiz (3/17/2028),,,,,13000000.0,19000000.0,25.0,1.08,6.0,9.0,67.0,,,,,0.0,0.18,1.0,0.0,,,,,4.14,23.0,1.62,9.0,7.56,42.0,12.78,4.5,41.04,228.0,49.86,277.0,82.0,0.54,3.0,0.0,0.0,0.18,1.0,0.0,0.0,0.0,0.18,1.0,0.54,3.0,0.54,1.26,7.0,7.38,56.0,2.52,14.0,1.98,0.0,0.0,,,,0.0,0.36,2.0,6.7,37.0,0.0,0.0,0.18,1.0,,,0.54,3.0,0.0,,0.18,1.0,0.18,4.5,15.0,12.0,1.0,0.0,,0.9,0.54,,5.0,3.0,,0.0,1.73,1.0,,0.0,,,,0.0,0.0,0.0,,,33.33,500.0,,,,,,,,,,,0.0,6.0,,1.0,8.0,40.0,5.0,4.0,0.0,0.0,0.06,0.35,,6.71,,1.0,- - -,13.0
2027-2028,- -,24,Int,,,,,,63000000.0,63000000.0,40.0,1.93,15.0,17.0,88.0,0.39,0.0,0.0,0.0,0.0,1.03,8.0,3.0,,,,,6.94,54.0,1.67,13.0,3.86,30.0,14.27,5.27,68.53,533.0,72.9,567.0,94.0,0.26,2.0,0.26,2.0,0.9,7.0,29.0,0.0,0.0,0.13,1.0,0.26,2.0,0.51,2.7,21.0,6.56,90.0,4.63,36.0,0.51,0.0,0.0,,,,0.07,0.64,5.0,7.9,61.3,0.26,2.0,0.9,7.0,28.0,,0.64,5.0,0.0,,0.64,5.0,0.13,5.14,18.0,14.0,2.0,0.21,,1.93,1.29,,15.0,4.0,,0.0,2.0,0.0,,0.0,,,,0.0,0.03,0.21,,,38.89,700.0,,,,7.02,4.0,20.0,0.0,,,,0.0,11.0,,4.0,3.0,61.0,7.0,3.0,0.03,-0.21,0.06,0.49,,6.9,,1.0,- - -,14.0
2027-2028,- -,22,Wnt,,,,,,44000000.0,53000000.0,24.0,0.99,3.0,3.0,100.0,2.97,33.0,0.99,3.0,0.66,0.0,0.0,9.0,,,,,1.65,5.0,1.98,6.0,7.25,22.0,2.97,16.48,18.79,57.0,22.75,69.0,83.0,1.98,6.0,0.33,1.0,0.33,1.0,100.0,0.0,0.0,0.0,0.0,1.98,6.0,0.0,1.32,4.0,7.91,29.0,2.31,7.0,5.6,0.0,0.0,,,,0.17,0.99,3.0,8.3,25.1,0.33,1.0,0.33,1.0,100.0,,0.66,2.0,3.0,0.99,0.33,1.0,,7.91,10.0,9.0,0.0,1.51,,0.33,1.32,,1.0,1.0,,0.0,0.8,0.0,,0.0,,,,0.0,0.5,1.51,,,27.3,273.0,,,,,,,,,,,0.0,2.0,,6.0,2.0,20.0,0.0,11.0,0.5,-1.51,0.35,1.07,,6.73,,0.0,- - -,16.0
2027-2028,- -,24,Int,,,,,,80000000.0,96000000.0,107.0,2.14,64.0,86.0,74.0,1.17,51.0,0.6,18.0,0.4,0.0,0.0,35.0,,,,,2.98,89.0,3.75,112.0,13.57,405.0,5.9,16.41,34.16,1020.0,40.56,1211.0,84.0,0.94,28.0,0.5,15.0,4.19,125.0,12.0,10.0,0.0,0.0,0.0,0.94,28.0,0.0,2.24,67.0,18.59,17.0,0.6,18.0,2.98,3.0,0.0,,,,0.09,4.32,129.0,8.3,246.7,0.5,15.0,4.19,125.0,12.0,20.0,0.7,21.0,12.0,0.4,0.33,10.0,0.1,3.58,36.0,1.0,1.0,3.15,,1.24,1.07,,37.0,35.0,,0.0,1.53,3.0,,0.0,,,,0.0,0.11,3.15,137.0,,74.64,2687.0,,,,6.65,1.0,4.0,0.0,0.23,,,7.0,16.0,,13.0,7.0,44.0,30.0,39.0,0.11,3.85,0.14,4.31,,6.96,383.86,3.0,- - -,17.0
2027-2028,- -,20,,Francis Cagigao (4/25/2028),,,,,42000000.0,51000000.0,,,,,,,,,,,,,,,,,,,,,,,,,,,,,,,,,,,,,,,,,,,,,,,,,,,,,,,,,,,,,,,,,,,,,,,,,,,,,,,,,,,,,,,,,,,,,,,,,,,,,,,,,,,,,,,,,,,,,,,,,,,,,,,,- - -,15.0
2027-2028,- -,23,,2 Focuses,,,,,43000000.0,60000000.0,11.0,3.83,14.0,17.0,82.0,1.37,80.0,1.09,4.0,0.0,0.0,0.0,5.0,,,,,3.83,14.0,4.92,18.0,13.13,48.0,6.02,16.14,30.91,113.0,36.38,133.0,85.0,1.91,7.0,1.09,4.0,4.38,16.0,25.0,3.0,0.0,0.0,0.0,1.91,7.0,0.0,1.09,4.0,13.95,27.0,0.82,3.0,2.19,0.0,0.0,,,,0.08,2.74,10.0,6.8,24.9,1.09,4.0,4.38,16.0,25.0,60.0,0.0,0.0,0.0,,,0.0,,3.01,8.0,6.0,0.0,0.42,,2.19,1.09,,8.0,2.0,,0.0,2.0,0.0,,0.0,,,,0.0,0.11,0.42,119.0,,41.12,329.0,,,,,,,,0.82,,,3.0,5.0,,1.0,2.0,63.0,7.0,9.0,0.11,2.58,0.07,0.27,,7.12,109.67,0.0,- - -,14.0
2027-2028,- -,27,Int,,,,,,87000000.0,129000000.0,204.0,0.86,31.0,49.0,63.0,3.18,50.0,1.58,57.0,1.16,0.0,0.0,115.0,,,,,0.94,34.0,1.55,56.0,6.69,242.0,3.15,10.56,18.85,682.0,23.32,844.0,81.0,0.64,23.0,0.03,1.0,0.47,17.0,4.0,29.0,0.0,0.06,2.0,1.13,41.0,0.06,1.16,42.0,6.74,18.0,1.02,37.0,4.61,0.0,8.0,,,,0.13,1.66,60.0,7.5,270.2,0.03,1.0,0.64,23.0,5.0,14.0,0.3,11.0,7.0,0.19,0.17,6.0,0.11,5.64,40.0,1.0,3.0,14.54,,1.58,1.13,,57.0,39.0,,0.0,1.75,1.0,100.0,3.0,,,,3.0,0.4,14.54,17.0,,81.42,3257.0,,,,7.54,2.0,7.0,0.0,0.44,,,16.0,20.0,,10.0,10.0,50.0,64.0,84.0,0.4,1.46,0.12,4.43,,7.0,203.56,4.0,- - -,15.0
2027-2028,- -,28,Int,,,,,,60000000.0,72000000.0,96.0,1.37,22.0,29.0,76.0,4.23,44.0,1.87,30.0,1.31,0.0,0.0,68.0,,,,,1.18,19.0,1.8,29.0,8.15,131.0,3.05,12.14,19.17,308.0,21.97,353.0,87.0,0.93,15.0,0.19,3.0,0.56,9.0,33.0,18.0,0.0,0.0,0.0,0.93,15.0,0.0,1.18,19.0,6.78,32.0,1.93,31.0,4.05,2.0,3.0,,,,0.12,1.8,29.0,7.7,124.4,0.19,3.0,0.56,9.0,33.0,10.0,0.25,4.0,8.0,0.5,0.19,3.0,0.19,5.98,39.0,29.0,0.0,8.35,,1.74,0.68,,28.0,10.0,,0.0,2.05,1.0,,0.0,,,,0.0,0.52,8.35,20.0,,37.08,1446.0,,,,6.87,0.0,3.0,3.0,0.44,,,7.0,25.0,,9.0,5.0,64.0,32.0,44.0,0.52,-1.35,0.19,3.09,,7.01,206.57,3.0,- - -,16.0
2027-2028,- -,28,,,,,,,47000000.0,47000000.0,185.0,1.82,69.0,82.0,84.0,2.35,44.0,1.03,39.0,0.79,0.03,1.0,89.0,,,,,2.24,85.0,3.11,118.0,12.43,471.0,4.54,15.94,32.2,1220.0,37.4,1417.0,86.0,1.32,50.0,0.26,10.0,3.46,131.0,8.0,13.0,1.0,0.0,0.0,1.95,74.0,0.03,1.77,67.0,13.75,31.0,1.53,58.0,3.35,6.0,4.0,,,,0.11,3.64,138.0,7.9,298.8,0.32,12.0,3.77,143.0,7.0,10.0,0.69,26.0,13.0,0.34,0.29,11.0,0.29,4.88,46.0,1.0,0.0,9.59,,1.66,1.24,,63.0,45.0,,0.0,1.61,6.0,,0.0,,,,0.0,0.25,9.59,207.0,,74.13,3410.0,,,,6.82,0.0,5.0,2.0,0.24,,,9.0,20.0,,12.0,14.0,43.0,28.0,62.0,0.25,-0.59,0.21,8.0,,7.23,378.89,11.0,- - -,16.0
2027-2028,- -,19,Int,,,,,,42000000.0,51000000.0,93.0,2.25,54.0,63.0,86.0,1.62,41.0,0.67,16.0,0.46,0.0,0.0,39.0,,,,,4.25,102.0,3.29,79.0,11.78,283.0,4.29,10.78,30.26,727.0,37.96,912.0,80.0,1.33,32.0,0.25,6.0,2.21,53.0,14.0,3.0,0.0,0.0,0.0,1.67,40.0,0.0,1.96,47.0,15.36,22.0,0.83,20.0,3.04,1.0,1.0,,,,0.12,2.91,70.0,7.8,187.3,0.58,14.0,4.08,98.0,11.0,8.0,0.62,15.0,11.0,0.46,0.21,5.0,0.25,3.87,26.0,0.0,3.0,4.51,,1.25,1.25,,30.0,26.0,,0.0,1.27,0.0,,0.0,,,,0.0,0.19,4.51,1142.0,,83.15,2162.0,,,,6.7,1.0,6.0,0.0,0.12,,,3.0,8.0,,9.0,9.0,31.0,45.0,31.0,0.19,-1.51,0.28,6.78,,7.1,720.67,6.0,- - -,16.0
2027-2028,- -,27,Int,,,,,,27000000.0,27000000.0,2.0,1.98,2.0,2.0,100.0,3.96,25.0,0.99,1.0,0.99,0.0,0.0,4.0,,,,,3.96,4.0,0.99,1.0,9.89,10.0,2.97,11.87,30.66,31.0,40.55,41.0,76.0,0.99,1.0,0.0,0.0,0.99,1.0,0.0,0.0,0.0,0.0,0.0,0.99,1.0,0.0,1.98,2.0,15.82,50.0,0.99,1.0,0.99,0.0,0.0,,,,0.14,3.96,4.0,7.9,8.0,0.0,0.0,0.99,1.0,,25.0,0.99,1.0,0.0,,,0.0,,1.98,5.0,5.0,0.0,0.57,,0.99,0.99,,1.0,,,0.0,1.55,0.0,,0.0,,,,0.0,0.56,0.57,48.0,,18.2,91.0,,,,,0.0,1.0,1.0,0.99,,,1.0,2.0,,1.0,2.0,40.0,0.0,4.0,0.56,0.43,0.0,0.0,,6.75,91.0,0.0,- - -,17.0
2027-2028,- -,26,Int,,,,,,96000000.0,115000000.0,201.0,1.02,39.0,63.0,62.0,2.53,43.0,1.1,42.0,0.63,0.0,0.0,97.0,,,,,0.68,26.0,1.02,39.0,5.4,207.0,1.54,12.32,15.89,609.0,20.67,792.0,77.0,0.57,22.0,0.05,2.0,0.44,17.0,12.0,17.0,0.0,0.0,0.0,0.57,22.0,0.1,0.5,19.0,4.96,20.0,1.04,40.0,4.2,2.0,0.0,,,,0.14,0.99,38.0,5.4,206.5,0.05,2.0,0.44,17.0,11.0,16.0,0.34,13.0,6.0,0.16,0.05,2.0,0.16,5.24,42.0,3.0,0.0,13.79,,1.1,0.94,,42.0,39.0,,0.0,1.36,3.0,,0.0,,,,0.0,0.36,13.79,0.0,,82.12,3449.0,,,,7.68,1.0,12.0,0.0,0.42,,,16.0,14.0,,13.0,15.0,33.0,31.0,74.0,0.36,2.21,0.13,4.95,,7.13,215.56,6.0,- - -,16.0
2027-2028,- -,31,,,,,,,53000000.0,66000000.0,122.0,2.7,79.0,92.0,86.0,2.25,26.0,0.58,17.0,0.61,0.0,0.0,66.0,,,,,2.77,81.0,4.24,124.0,15.4,451.0,6.05,15.78,28.76,842.0,34.05,997.0,84.0,1.23,36.0,0.65,19.0,2.77,81.0,23.0,16.0,0.0,0.07,2.0,1.23,36.0,0.03,2.46,72.0,17.21,28.0,1.16,34.0,3.01,2.0,0.0,,,,0.14,4.24,124.0,8.1,235.7,0.65,19.0,2.77,81.0,23.0,6.0,0.85,25.0,17.0,0.58,0.27,8.0,0.1,4.17,38.0,7.0,2.0,9.21,,1.16,1.3,,34.0,31.0,,0.0,1.42,2.0,,0.0,,,,0.0,0.31,9.21,114.0,,69.34,2635.0,,,,,,,,0.14,,,4.0,16.0,,16.0,6.0,42.0,24.0,42.0,0.31,-5.21,0.21,6.24,,7.04,658.75,3.0,- - -,17.0
2027-2028,- -,20,Int,Gaby Ruiz (2/21/2028),,,,,36000000.0,51000000.0,50.0,1.3,15.0,19.0,79.0,0.61,43.0,0.26,3.0,0.09,0.17,2.0,7.0,,,,,3.83,44.0,1.91,22.0,5.91,68.0,11.91,7.83,48.43,557.0,53.48,615.0,91.0,0.61,7.0,0.0,0.0,0.43,5.0,0.0,0.0,0.0,0.26,3.0,0.61,7.0,0.26,1.83,21.0,7.48,74.0,3.22,37.0,1.13,0.0,0.0,,,,0.09,0.61,7.0,7.2,83.0,0.0,0.0,0.43,5.0,,29.0,0.43,5.0,3.0,0.26,0.52,6.0,0.26,4.35,20.0,11.0,1.0,0.65,,1.57,1.3,,18.0,9.0,,0.0,1.6,0.0,,0.0,,,,0.0,0.06,0.65,401.0,,51.75,1035.0,,,,,,,,0.17,,,2.0,9.0,,6.0,5.0,45.0,7.0,3.0,0.06,1.35,0.1,1.16,,6.94,517.5,3.0,- - -,12.0
2027-2028,- -,24,Wnt,,,,,,16000000.0,16000000.0,122.0,1.33,34.0,45.0,76.0,2.55,45.0,1.14,29.0,1.02,0.0,0.0,65.0,,,,,2.35,60.0,2.43,62.0,11.06,282.0,15.73,13.96,28.0,714.0,33.53,855.0,84.0,1.88,48.0,0.16,4.0,0.86,22.0,18.0,8.0,0.0,0.0,0.0,1.88,48.0,0.0,0.94,24.0,13.61,31.0,1.49,38.0,3.29,2.0,6.0,,,,0.12,1.18,30.0,8.6,218.6,0.16,4.0,0.86,22.0,18.0,18.0,0.63,16.0,9.0,0.35,,0.0,0.35,4.78,28.0,0.0,2.0,7.95,,2.31,1.1,,59.0,28.0,,1.0,1.75,1.0,,0.0,,,,0.0,0.31,7.95,203.0,,81.96,2295.0,,,,,,,,0.47,,,12.0,15.0,,9.0,4.0,54.0,33.0,31.0,0.31,4.05,0.22,5.5,,7.05,191.25,9.0,- - -,14.0
2027-2028,- -,17,Int,,,,,,6400000.0,6400000.0,,,,,,,,,,,,,,,,,,,,,,,,,,,,,,,,,,,,,,,,,,,,,,,,,,,,,,,,,,,,,,,,,,,,,,,,,,,,,,,,,,,,,,,,,,,,,,,,,,,,,,,,,,,,,,,,,,,,,,,,,,,,,,,,- - -,10.0
2027-2028,- -,19,,,,,,,,,137.0,2.65,84.0,99.0,85.0,1.29,44.0,0.57,18.0,0.66,0.03,1.0,41.0,,,,,2.34,74.0,3.32,105.0,12.16,385.0,4.64,19.77,24.47,775.0,30.28,959.0,81.0,1.11,35.0,0.35,11.0,3.28,104.0,10.0,11.0,0.0,0.0,0.0,1.33,42.0,0.0,1.39,44.0,14.05,26.0,1.11,35.0,3.22,0.0,3.0,,,,0.09,2.84,90.0,7.8,246.4,0.35,11.0,3.57,113.0,10.0,17.0,0.47,15.0,10.0,0.32,0.44,14.0,0.06,4.33,40.0,1.0,3.0,3.72,,0.6,1.14,,19.0,39.0,,0.0,1.02,0.0,100.0,1.0,,,,1.0,0.12,3.72,17.0,,71.25,2850.0,,,,,,,,0.22,,,7.0,10.0,,19.0,11.0,25.0,53.0,49.0,0.12,3.28,0.12,3.91,,6.8,407.14,2.0,- - -,15.0
2027-2028,- -,19,Wnt,,,,,,41000000.0,50000000.0,11.0,1.41,48.0,63.0,76.0,2.09,51.0,1.06,36.0,0.06,0.0,0.0,71.0,,,,,0.29,10.0,0.38,13.0,1.03,35.0,0.97,1.62,15.5,527.0,20.97,713.0,74.0,0.18,6.0,0.0,0.0,0.18,6.0,0.0,0.0,0.0,0.0,0.0,0.21,7.0,0.0,0.03,1.0,1.24,18.0,0.06,2.0,0.26,1.0,0.0,,,,0.13,0.03,1.0,0.7,24.9,0.0,0.0,0.18,6.0,,3.0,0.03,1.0,1.0,0.03,,0.0,0.21,0.32,34.0,0.0,0.0,9.39,,0.12,0.12,,4.0,34.0,,0.0,1.03,0.0,,0.0,,,,0.0,0.28,9.39,0.0,,90.0,3060.0,,,,,,,,0.06,,,2.0,1.0,,1.0,32.0,3.0,43.0,41.0,0.28,-7.39,0.13,4.32,,7.08,1530.0,7.0,- - -,17.0
2027-2028,- -,19,Int,Florian Zahn (5/30/2028),,,,,33000000.0,33000000.0,268.0,0.9,43.0,67.0,64.0,2.75,53.0,1.45,69.0,0.46,0.0,0.0,131.0,,,,,0.52,25.0,1.09,52.0,5.14,245.0,1.78,8.73,15.21,725.0,19.89,948.0,76.0,0.36,17.0,0.17,8.0,0.57,27.0,30.0,35.0,0.0,0.0,0.0,0.38,18.0,0.02,0.97,46.0,5.14,27.0,1.51,72.0,4.11,1.0,0.0,,,,0.14,1.22,58.0,5.4,257.5,0.19,9.0,0.63,30.0,29.0,15.0,0.17,8.0,10.0,0.21,0.1,5.0,0.1,5.62,49.0,0.0,6.0,18.6,,1.07,0.9,,51.0,49.0,,0.0,1.31,2.0,100.0,1.0,,,,1.0,0.39,18.6,0.0,,87.53,4289.0,,,,7.9,1.0,1.0,0.0,0.4,,,19.0,14.0,,13.0,22.0,29.0,76.0,103.0,0.39,0.4,0.13,6.14,,6.91,225.74,5.0,- - -,15.0
2027-2028,- -,20,,,,,,,20000000.0,29000000.0,,,,,,,,,,,,,,,,,,,,,,,,,,,,,,,,,,,,,,,,,,,,,,,,,,,,,,,,,,,,,,,,,,,,,,,,,,,,,,,,,,,,,,,,,,,,,,,,,,,,,,,,,,,,,,,,,,,,,,,,,,,,,,,,- - -,17.0
2027-2028,- -,20,Int,Vito Leccese (4/8/2028),,,,,24000000.0,29000000.0,14.0,2.72,23.0,24.0,96.0,0.83,14.0,0.12,1.0,0.0,0.0,0.0,7.0,,,,,0.94,8.0,0.35,3.0,0.94,8.0,1.42,2.13,21.97,186.0,27.28,231.0,81.0,0.12,1.0,0.0,0.0,0.12,1.0,0.0,0.0,0.0,0.0,0.0,0.12,1.0,0.12,0.35,3.0,2.24,79.0,1.3,11.0,0.35,0.0,0.0,,,,0.08,0.12,1.0,1.4,11.7,0.0,0.0,0.12,1.0,,14.0,0.0,0.0,0.0,,,0.0,0.12,1.65,14.0,7.0,1.0,0.57,,0.0,0.24,,0.0,7.0,,0.0,1.0,0.0,,0.0,,,,0.0,0.07,0.57,0.0,,54.43,762.0,,,,6.83,1.0,6.0,2.0,0.12,,,1.0,2.0,,4.0,8.0,14.0,10.0,12.0,0.07,0.43,0.09,0.8,,7.34,762.0,1.0,- - -,16.0
2027-2028,- -,19,Int,Bojan Krkic (2/11/2028),,,,,11500000.0,16500000.0,,,,,,,,,,,,,,,,,,,,,,,,,,,,,,,,,,,,,,,,,,,,,,,,,,,,,,,,,,,,,,,,,,,,,,,,,,,,,,,,,,,,,,,,,,,,,,,,,,,,,,,,,,,,,,,,,,,,,,,,,,,,,,,,- - -,11.0
2027-2028,- -,19,Int,Javier Ribalta (3/13/2028),,,,,27000000.0,32000000.0,10.0,1.22,2.0,3.0,67.0,1.84,67.0,1.22,2.0,0.61,0.0,0.0,3.0,,,,,3.06,5.0,3.06,5.0,11.02,18.0,3.67,19.59,37.96,62.0,44.08,72.0,86.0,0.61,1.0,0.0,0.0,1.22,2.0,0.0,0.0,0.0,0.0,0.0,0.61,1.0,0.0,1.84,3.0,11.02,60.0,3.67,6.0,2.45,0.0,0.0,,,,0.12,1.22,2.0,7.8,12.7,0.0,0.0,1.22,2.0,,,0.61,1.0,0.0,,,0.0,,6.12,6.0,6.0,0.0,0.36,,0.61,0.61,,1.0,,,1.0,1.0,0.0,,0.0,,,,0.0,0.22,0.36,,,24.5,147.0,,,,6.5,0.0,4.0,2.0,,,,0.0,1.0,,4.0,1.0,17.0,1.0,2.0,0.22,-0.36,0.09,0.15,,6.53,,0.0,- - -,12.0
2027-2028,- -,30,Int,,,,,,550000.0,6600000.0,,,,,,,,,,,,,,,,,,,,,,,,,,,,,,,,,,,,,,,,,,,,,,,,,,,,,,,,,,,,,,,,,,,,,,,,,,,,,0.0,,,,,,,,,,,,,,,,,,,,,,,,,,,,,,,0.0,,,,,,,,,,,,,,,,,,,,- - -,
2027-2028,- -,19,Int,,,,,,,,,,,,,,,,,,,,,,,,,,,,,,,,,,,,,,,,,,,,,,,,,,,,,,,,,,,,,,,,,,,,,,,,,,,,,,,,,,,,0.0,,,,,,,,,,,,,,,,,,,,,,,,,,,,,,,0.0,,,,,,,,,,,,,,,,,,,,- - -,
2027-2028,- -,19,Int,Luis Ferrer (2/15/2028),,,,,10000000.0,15000000.0,,,,,,,,,,,,,,,,,,,,,,,,,,,,,,,,,,,,,,,,,,,,,,,,,,,,,,,,,,,,,,,,,,,,,,,,,,,,,0.0,,,,,,,,,,,,,,,,,,,,,,,,,,,,,,,0.0,,,,,,,,,,,,,,,,,,,,- - -,
2027-2028,- -,32,Int,,,,,,36000000.0,43000000.0,,,,,,,,,,,,,,,,,,,,,,,,,,,,,,,,,,,,,,,,,,,,,,,,,,,,,,,,,,,,,,,,,,,,,,,,,,,,,0.0,,,,,,,,,,,,,,,,,,,,,,,,,,,,,,,0.0,,,,,,,,,,,,,,,,,,,,- - -,
2027-2028,- -,25,Lst,Vito Leccese (4/8/2028),,,,,17500000.0,17500000.0,,,,,,,,,,,,,,,,,,,,,,,,,,,,,,,,,,,,,,,,,,,,,,,,,,,,,,,,,,,,,,,,,,,,,,,,,,,,,0.0,,,,,,,,,,,,,,,,,,,,,,,,,,,,,,,0.0,,,,,,,,,,,,,,,,,,,,- - -,
2027-2028,- -,19,,Ricardo Camacho (4/16/2028),,,,,22000000.0,31000000.0,,,,,,,,,,,,,,,,,,,,,,,,,,,,,,,,,,,,,,,,,,,,,,,,,,,,,,,,,,,,,,,,,,,,,,,,,,,,,0.0,,,,,,,,,,,,,,,,,,,,,,,,,,,,,,,0.0,,,,,,,,,,,,,,,,,,,,- - -,
2027-2028,- -,26,Int,,,,,,63000000.0,88000000.0,,,,,,,,,,,,,,,,,,,,,,,,,,,,,,,,,,,,,,,,,,,,,,,,,,,,,,,,,,,,,,,,,,,,,,,,,,,,,0.0,,,,,,,,,,,,,,,,,,,,,,,,,,,,,,,0.0,,,,,,,,,,,,,,,,,,,,- - -,
2027-2028,- -,22,,,,,,,24000000.0,28000000.0,,,,,,,,,,,,,,,,,,,,,,,,,,,,,,,,,,,,,,,,,,,,,,,,,,,,,,,,,,,,,,,,,,,,,,,,,,,,,0.0,,,,,,,,,,,,,,,,,,,,,,,,,,,,,,,0.0,,,,,,,,,,,,,,,,,,,,- - -,
2027-2028,- -,25,Wnt,2 Focuses,,,,,35000000.0,35000000.0,,,,,,,,,,,,,,,,,,,,,,,,,,,,,,,,,,,,,,,,,,,,,,,,,,,,,,,,,,,,,,,,,,,,,,,,,,,,,0.0,,,,,,,,,,,,,,,,,,,,,,,,,,,,,,,0.0,,,,,,,,,,,,,,,,,,,,- - -,
2027-2028,- -,19,Int,2 Focuses,,,,,18000000.0,25000000.0,,,,,,,,,,,,,,,,,,,,,,,,,,,,,,,,,,,,,,,,,,,,,,,,,,,,,,,,,,,,,,,,,,,,,,,,,,,,,0.0,,,,,,,,,,,,,,,,,,,,,,,,,,,,,,,0.0,,,,,,,,,,,,,,,,,,,,- - -,
2027-2028,- -,28,Int,,,,,,275000.0,2600000.0,,,,,,,,,,,,,,,,,,,,,,,,,,,,,,,,,,,,,,,,,,,,,,,,,,,,,,,,,,,,,,,,,,,,,,,,,,,,,0.0,,,,,,,,,,,,,,,,,,,,,,,,,,,,,,,0.0,,,,,,,,,,,,,,,,,,,,- - -,
2027-2028,- -,19,Int,Francis Cagigao (3/28/2028),,,,,28000000.0,39000000.0,,,,,,,,,,,,,,,,,,,,,,,,,,,,,,,,,,,,,,,,,,,,,,,,,,,,,,,,,,,,,,,,,,,,,,,,,,,,,0.0,,,,,,,,,,,,,,,,,,,,,,,,,,,,,,,0.0,,,,,,,,,,,,,,,,,,,,- - -,
2027-2028,- -,22,,,,,,,18000000.0,27000000.0,,,,,,,,,,,,,,,,,,,,,,,,,,,,,,,,,,,,,,,,,,,,,,,,,,,,,,,,,,,,,,,,,,,,,,,,,,,,,0.0,,,,,,,,,,,,,,,,,,,,,,,,,,,,,,,0.0,,,,,,,,,,,,,,,,,,,,- - -,
2027-2028,- -,27,Inj,,,,,,93000000.0,93000000.0,,,,,,,,,,,,,,,,,,,,,,,,,,,,,,,,,,,,,,,,,,,,,,,,,,,,,,,,,,,,,,,,,,,,,,,,,,,,,0.0,,,,,,,,,,,,,,,,,,,,,,,,,,,,,,,0.0,,,,,,,,,,,,,,,,,,,,- - -,
2027-2028,- -,18,Wnt,2 Focuses,,,,,23000000.0,26000000.0,,,,,,,,,,,,,,,,,,,,,,,,,,,,,,,,,,,,,,,,,,,,,,,,,,,,,,,,,,,,,,,,,,,,,,,,,,,,,0.0,,,,,,,,,,,,,,,,,,,,,,,,,,,,,,,0.0,,,,,,,,,,,,,,,,,,,,- - -,
2027-2028,- -,24,Int,,,,,,60000000.0,71000000.0,,,,,,,,,,,,,,,,,,,,,,,,,,,,,,,,,,,,,,,,,,,,,,,,,,,,,,,,,,,,,,,,,,,,,,,,,,,,,0.0,,,,,,,,,,,,,,,,,,,,,,,,,,,,,,,0.0,,,,,,,,,,,,,,,,,,,,- - -,
2027-2028,- -,26,Wnt,,,,,,51000000.0,61000000.0,,,,,,,,,,,,,,,,,,,,,,,,,,,,,,,,,,,,,,,,,,,,,,,,,,,,,,,,,,,,,,,,,,,,,,,,,,,,,0.0,,,,,,,,,,,,,,,,,,,,,,,,,,,,,,,0.0,,,,,,,,,,,,,,,,,,,,- - -,
2027-2028,- -,18,Int,4 Focuses,,,,,27000000.0,37000000.0,,,,,,,,,,,,,,,,,,,,,,,,,,,,,,,,,,,,,,,,,,,,,,,,,,,,,,,,,,,,,,,,,,,,,,,,,,,,,0.0,,,,,,,,,,,,,,,,,,,,,,,,,,,,,,,0.0,,,,,,,,,,,,,,,,,,,,- - -,
2027-2028,- -,18,Int,,,,,,23000000.0,23000000.0,,,,,,,,,,,,,,,,,,,,,,,,,,,,,,,,,,,,,,,,,,,,,,,,,,,,,,,,,,,,,,,,,,,,,,,,,,,,,0.0,,,,,,,,,,,,,,,,,,,,,,,,,,,,,,,0.0,,,,,,,,,,,,,,,,,,,,- - -,
2027-2028,- -,23,,Vito Leccese (2/20/2028),,,,,54000000.0,62000000.0,,,,,,,,,,,,,,,,,,,,,,,,,,,,,,,,,,,,,,,,,,,,,,,,,,,,,,,,,,,,,,,,,,,,,,,,,,,,,0.0,,,,,,,,,,,,,,,,,,,,,,,,,,,,,,,0.0,,,,,,,,,,,,,,,,,,,,- - -,
2027-2028,- -,19,Int,,,,,,43000000.0,43000000.0,,,,,,,,,,,,,,,,,,,,,,,,,,,,,,,,,,,,,,,,,,,,,,,,,,,,,,,,,,,,,,,,,,,,,,,,,,,,,0.0,,,,,,,,,,,,,,,,,,,,,,,,,,,,,,,0.0,,,,,,,,,,,,,,,,,,,,- - -,
2027-2028,- -,20,Wnt,4 Focuses,,,,,23000000.0,23000000.0,,,,,,,,,,,,,,,,,,,,,,,,,,,,,,,,,,,,,,,,,,,,,,,,,,,,,,,,,,,,,,,,,,,,,,,,,,,,,0.0,,,,,,,,,,,,,,,,,,,,,,,,,,,,,,,0.0,,,,,,,,,,,,,,,,,,,,- - -,
2027-2028,- -,20,,Francis Cagigao (4/25/2028),,,,,33000000.0,40000000.0,,,,,,,,,,,,,,,,,,,,,,,,,,,,,,,,,,,,,,,,,,,,,,,,,,,,,,,,,,,,,,,,,,,,,,,,,,,,,0.0,,,,,,,,,,,,,,,,,,,,,,,,,,,,,,,0.0,,,,,,,,,,,,,,,,,,,,- - -,
2027-2028,- -,32,,,,,,,,,,,,,,,,,,,,,,,,,,,,,,,,,,,,,,,,,,,,,,,,,,,,,,,,,,,,,,,,,,,,,,,,,,,,,,,,,,,,,0.0,,,,,,,,,,,,,,,,,,,,,,,,,,,,,,,0.0,,,,,,,,,,,,,,,,,,,,- - -,
2027-2028,- -,29,Int,,,,,,31000000.0,43000000.0,,,,,,,,,,,,,,,,,,,,,,,,,,,,,,,,,,,,,,,,,,,,,,,,,,,,,,,,,,,,,,,,,,,,,,,,,,,,,0.0,,,,,,,,,,,,,,,,,,,,,,,,,,,,,,,0.0,,,,,,,,,,,,,,,,,,,,- - -,
2027-2028,- -,20,Int,3 Focuses,,,,,23000000.0,27000000.0,,,,,,,,,,,,,,,,,,,,,,,,,,,,,,,,,,,,,,,,,,,,,,,,,,,,,,,,,,,,,,,,,,,,,,,,,,,,,0.0,,,,,,,,,,,,,,,,,,,,,,,,,,,,,,,0.0,,,,,,,,,,,,,,,,,,,,- - -,
2027-2028,- -,26,Wnt,,,,,,14500000.0,22000000.0,,,,,,,,,,,,,,,,,,,,,,,,,,,,,,,,,,,,,,,,,,,,,,,,,,,,,,,,,,,,,,,,,,,,,,,,,,,,,0.0,,,,,,,,,,,,,,,,,,,,,,,,,,,,,,,0.0,,,,,,,,,,,,,,,,,,,,- - -,
2027-2028,- -,19,,3 Focuses,,,,,41000000.0,48000000.0,,,,,,,,,,,,,,,,,,,,,,,,,,,,,,,,,,,,,,,,,,,,,,,,,,,,,,,,,,,,,,,,,,,,,,,,,,,,,0.0,,,,,,,,,,,,,,,,,,,,,,,,,,,,,,,0.0,,,,,,,,,,,,,,,,,,,,- - -,
2027-2028,- -,29,Int,,,,,,34000000.0,42000000.0,,,,,,,,,,,,,,,,,,,,,,,,,,,,,,,,,,,,,,,,,,,,,,,,,,,,,,,,,,,,,,,,,,,,,,,,,,,,,0.0,,,,,,,,,,,,,,,,,,,,,,,,,,,,,,,0.0,,,,,,,,,,,,,,,,,,,,- - -,
2027-2028,- -,20,,,,,,,23000000.0,32000000.0,,,,,,,,,,,,,,,,,,,,,,,,,,,,,,,,,,,,,,,,,,,,,,,,,,,,,,,,,,,,,,,,,,,,,,,,,,,,,0.0,,,,,,,,,,,,,,,,,,,,,,,,,,,,,,,0.0,,,,,,,,,,,,,,,,,,,,- - -,
2027-2028,- -,28,Int,,,,,,50000000.0,75000000.0,,,,,,,,,,,,,,,,,,,,,,,,,,,,,,,,,,,,,,,,,,,,,,,,,,,,,,,,,,,,,,,,,,,,,,,,,,,,,0.0,,,,,,,,,,,,,,,,,,,,,,,,,,,,,,,0.0,,,,,,,,,,,,,,,,,,,,- - -,
2027-2028,- -,25,,,,,,,57000000.0,85000000.0,,,,,,,,,,,,,,,,,,,,,,,,,,,,,,,,,,,,,,,,,,,,,,,,,,,,,,,,,,,,,,,,,,,,,,,,,,,,,0.0,,,,,,,,,,,,,,,,,,,,,,,,,,,,,,,0.0,,,,,,,,,,,,,,,,,,,,- - -,
2027-2028,- -,19,,,,,,,16500000.0,23000000.0,,,,,,,,,,,,,,,,,,,,,,,,,,,,,,,,,,,,,,,,,,,,,,,,,,,,,,,,,,,,,,,,,,,,,,,,,,,,,0.0,,,,,,,,,,,,,,,,,,,,,,,,,,,,,,,0.0,,,,,,,,,,,,,,,,,,,,- - -,
2027-2028,- -,19,Inj,Vito Leccese (4/8/2028),,,,,9400000.0,13500000.0,,,,,,,,,,,,,,,,,,,,,,,,,,,,,,,,,,,,,,,,,,,,,,,,,,,,,,,,,,,,,,,,,,,,,,,,,,,,,0.0,,,,,,,,,,,,,,,,,,,,,,,,,,,,,,,0.0,,,,,,,,,,,,,,,,,,,,- - -,
2027-2028,- -,23,,Javier Ribalta (2/10/2028),,,,,25000000.0,35000000.0,,,,,,,,,,,,,,,,,,,,,,,,,,,,,,,,,,,,,,,,,,,,,,,,,,,,,,,,,,,,,,,,,,,,,,,,,,,,,0.0,,,,,,,,,,,,,,,,,,,,,,,,,,,,,,,0.0,,,,,,,,,,,,,,,,,,,,- - -,
2027-2028,- -,28,,,,,,,81000000.0,99000000.0,,,,,,,,,,,,,,,,,,,,,,,,,,,,,,,,,,,,,,,,,,,,,,,,,,,,,,,,,,,,,,,,,,,,,,,,,,,,,0.0,,,,,,,,,,,,,,,,,,,,,,,,,,,,,,,0.0,,,,,,,,,,,,,,,,,,,,- - -,
2027-2028,- -,19,Int,Vito Leccese (4/8/2028),,,,,24000000.0,28000000.0,,,,,,,,,,,,,,,,,,,,,,,,,,,,,,,,,,,,,,,,,,,,,,,,,,,,,,,,,,,,,,,,,,,,,,,,,,,,,0.0,,,,,,,,,,,,,,,,,,,,,,,,,,,,,,,0.0,,,,,,,,,,,,,,,,,,,,- - -,
2027-2028,- -,20,,Ricardo Camacho (1/5/2028),,,,,56000000.0,56000000.0,,,,,,,,,,,,,,,,,,,,,,,,,,,,,,,,,,,,,,,,,,,,,,,,,,,,,,,,,,,,,,,,,,,,,,,,,,,,,0.0,,,,,,,,,,,,,,,,,,,,,,,,,,,,,,,0.0,,,,,,,,,,,,,,,,,,,,- - -,
2027-2028,- -,26,Unh,,,,,,88000000.0,130000000.0,,,,,,,,,,,,,,,,,,,,,,,,,,,,,,,,,,,,,,,,,,,,,,,,,,,,,,,,,,,,,,,,,,,,,,,,,,,,,0.0,,,,,,,,,,,,,,,,,,,,,,,,,,,,,,,0.0,,,,,,,,,,,,,,,,,,,,- - -,
2027-2028,- -,24,,,,,,,50000000.0,60000000.0,,,,,,,,,,,,,,,,,,,,,,,,,,,,,,,,,,,,,,,,,,,,,,,,,,,,,,,,,,,,,,,,,,,,,,,,,,,,,0.0,,,,,,,,,,,,,,,,,,,,,,,,,,,,,,,0.0,,,,,,,,,,,,,,,,,,,,- - -,
2027-2028,- -,25,Int,,,,,,42000000.0,65000000.0,,,,,,,,,,,,,,,,,,,,,,,,,,,,,,,,,,,,,,,,,,,,,,,,,,,,,,,,,,,,,,,,,,,,,,,,,,,,,0.0,,,,,,,,,,,,,,,,,,,,,,,,,,,,,,,0.0,,,,,,,,,,,,,,,,,,,,- - -,
2027-2028,- -,24,Int,,,,,,48000000.0,67000000.0,,,,,,,,,,,,,,,,,,,,,,,,,,,,,,,,,,,,,,,,,,,,,,,,,,,,,,,,,,,,,,,,,,,,,,,,,,,,,0.0,,,,,,,,,,,,,,,,,,,,,,,,,,,,,,,0.0,,,,,,,,,,,,,,,,,,,,- - -,
2027-2028,- -,21,,Vito Leccese (2/20/2028),,,,,46000000.0,65000000.0,,,,,,,,,,,,,,,,,,,,,,,,,,,,,,,,,,,,,,,,,,,,,,,,,,,,,,,,,,,,,,,,,,,,,,,,,,,,,0.0,,,,,,,,,,,,,,,,,,,,,,,,,,,,,,,0.0,,,,,,,,,,,,,,,,,,,,- - -,
2027-2028,- -,20,,,,,,,42000000.0,60000000.0,,,,,,,,,,,,,,,,,,,,,,,,,,,,,,,,,,,,,,,,,,,,,,,,,,,,,,,,,,,,,,,,,,,,,,,,,,,,,0.0,,,,,,,,,,,,,,,,,,,,,,,,,,,,,,,0.0,,,,,,,,,,,,,,,,,,,,- - -,
2027-2028,- -,19,,,,,,,12000000.0,16500000.0,,,,,,,,,,,,,,,,,,,,,,,,,,,,,,,,,,,,,,,,,,,,,,,,,,,,,,,,,,,,,,,,,,,,,,,,,,,,,0.0,,,,,,,,,,,,,,,,,,,,,,,,,,,,,,,0.0,,,,,,,,,,,,,,,,,,,,- - -,
2027-2028,- -,26,Wnt,,,,,,48000000.0,71000000.0,,,,,,,,,,,,,,,,,,,,,,,,,,,,,,,,,,,,,,,,,,,,,,,,,,,,,,,,,,,,,,,,,,,,,,,,,,,,,0.0,,,,,,,,,,,,,,,,,,,,,,,,,,,,,,,0.0,,,,,,,,,,,,,,,,,,,,- - -,
2027-2028,- -,20,Int,2 Focuses,,,,,37000000.0,44000000.0,,,,,,,,,,,,,,,,,,,,,,,,,,,,,,,,,,,,,,,,,,,,,,,,,,,,,,,,,,,,,,,,,,,,,,,,,,,,,0.0,,,,,,,,,,,,,,,,,,,,,,,,,,,,,,,0.0,,,,,,,,,,,,,,,,,,,,- - -,
2027-2028,- -,19,Int,,,,,,13500000.0,18500000.0,,,,,,,,,,,,,,,,,,,,,,,,,,,,,,,,,,,,,,,,,,,,,,,,,,,,,,,,,,,,,,,,,,,,,,,,,,,,,0.0,,,,,,,,,,,,,,,,,,,,,,,,,,,,,,,0.0,,,,,,,,,,,,,,,,,,,,- - -,
2027-2028,- -,20,Int,,,,,,22000000.0,31000000.0,,,,,,,,,,,,,,,,,,,,,,,,,,,,,,,,,,,,,,,,,,,,,,,,,,,,,,,,,,,,,,,,,,,,,,,,,,,,,0.0,,,,,,,,,,,,,,,,,,,,,,,,,,,,,,,0.0,,,,,,,,,,,,,,,,,,,,- - -,
2027-2028,- -,26,Wnt,,,,,,29000000.0,40000000.0,,,,,,,,,,,,,,,,,,,,,,,,,,,,,,,,,,,,,,,,,,,,,,,,,,,,,,,,,,,,,,,,,,,,,,,,,,,,,0.0,,,,,,,,,,,,,,,,,,,,,,,,,,,,,,,0.0,,,,,,,,,,,,,,,,,,,,- - -,
2027-2028,- -,19,Int,,,,,,57000000.0,57000000.0,,,,,,,,,,,,,,,,,,,,,,,,,,,,,,,,,,,,,,,,,,,,,,,,,,,,,,,,,,,,,,,,,,,,,,,,,,,,,0.0,,,,,,,,,,,,,,,,,,,,,,,,,,,,,,,0.0,,,,,,,,,,,,,,,,,,,,- - -,
2027-2028,- -,25,,,,,,,32000000.0,39000000.0,,,,,,,,,,,,,,,,,,,,,,,,,,,,,,,,,,,,,,,,,,,,,,,,,,,,,,,,,,,,,,,,,,,,,,,,,,,,,0.0,,,,,,,,,,,,,,,,,,,,,,,,,,,,,,,0.0,,,,,,,,,,,,,,,,,,,,- - -,
2027-2028,- -,24,Int,5 Focuses,,,,,38000000.0,44000000.0,,,,,,,,,,,,,,,,,,,,,,,,,,,,,,,,,,,,,,,,,,,,,,,,,,,,,,,,,,,,,,,,,,,,,,,,,,,,,0.0,,,,,,,,,,,,,,,,,,,,,,,,,,,,,,,0.0,,,,,,,,,,,,,,,,,,,,- - -,
2027-2028,- -,17,Int,Francis Cagigao (3/1/2028),,,,,18000000.0,21000000.0,,,,,,,,,,,,,,,,,,,,,,,,,,,,,,,,,,,,,,,,,,,,,,,,,,,,,,,,,,,,,,,,,,,,,,,,,,,,,0.0,,,,,,,,,,,,,,,,,,,,,,,,,,,,,,,0.0,,,,,,,,,,,,,,,,,,,,- - -,
2027-2028,- -,26,Int,,,,,,64000000.0,64000000.0,,,,,,,,,,,,,,,,,,,,,,,,,,,,,,,,,,,,,,,,,,,,,,,,,,,,,,,,,,,,,,,,,,,,,,,,,,,,,0.0,,,,,,,,,,,,,,,,,,,,,,,,,,,,,,,0.0,,,,,,,,,,,,,,,,,,,,- - -,
2027-2028,- -,18,Int,,,,,,6400000.0,9200000.0,,,,,,,,,,,,,,,,,,,,,,,,,,,,,,,,,,,,,,,,,,,,,,,,,,,,,,,,,,,,,,,,,,,,,,,,,,,,,0.0,,,,,,,,,,,,,,,,,,,,,,,,,,,,,,,0.0,,,,,,,,,,,,,,,,,,,,- - -,
2027-2028,- -,19,Wnt,Bojan Krkic (2/11/2028),,,,,26000000.0,36000000.0,,,,,,,,,,,,,,,,,,,,,,,,,,,,,,,,,,,,,,,,,,,,,,,,,,,,,,,,,,,,,,,,,,,,,,,,,,,,,0.0,,,,,,,,,,,,,,,,,,,,,,,,,,,,,,,0.0,,,,,,,,,,,,,,,,,,,,- - -,
2027-2028,- -,32,,,,,,,,,,,,,,,,,,,,,,,,,,,,,,,,,,,,,,,,,,,,,,,,,,,,,,,,,,,,,,,,,,,,,,,,,,,,,,,,,,,,,0.0,,,,,,,,,,,,,,,,,,,,,,,,,,,,,,,0.0,,,,,,,,,,,,,,,,,,,,- - -,
2027-2028,- -,17,Int,,,,,,19000000.0,22000000.0,,,,,,,,,,,,,,,,,,,,,,,,,,,,,,,,,,,,,,,,,,,,,,,,,,,,,,,,,,,,,,,,,,,,,,,,,,,,,0.0,,,,,,,,,,,,,,,,,,,,,,,,,,,,,,,0.0,,,,,,,,,,,,,,,,,,,,- - -,
2027-2028,- -,19,Int,,,,,,38000000.0,53000000.0,,,,,,,,,,,,,,,,,,,,,,,,,,,,,,,,,,,,,,,,,,,,,,,,,,,,,,,,,,,,,,,,,,,,,,,,,,,,,0.0,,,,,,,,,,,,,,,,,,,,,,,,,,,,,,,0.0,,,,,,,,,,,,,,,,,,,,- - -,
2027-2028,- -,20,,,,,,,19500000.0,25000000.0,,,,,,,,,,,,,,,,,,,,,,,,,,,,,,,,,,,,,,,,,,,,,,,,,,,,,,,,,,,,,,,,,,,,,,,,,,,,,0.0,,,,,,,,,,,,,,,,,,,,,,,,,,,,,,,0.0,,,,,,,,,,,,,,,,,,,,- - -,
2027-2028,- -,18,Int,,,,,,6000000.0,11000000.0,,,,,,,,,,,,,,,,,,,,,,,,,,,,,,,,,,,,,,,,,,,,,,,,,,,,,,,,,,,,,,,,,,,,,,,,,,,,,0.0,,,,,,,,,,,,,,,,,,,,,,,,,,,,,,,0.0,,,,,,,,,,,,,,,,,,,,- - -,
2027-2028,- -,18,Wnt,Gaby Ruiz (2/21/2028),,,,,17000000.0,20000000.0,,,,,,,,,,,,,,,,,,,,,,,,,,,,,,,,,,,,,,,,,,,,,,,,,,,,,,,,,,,,,,,,,,,,,,,,,,,,,0.0,,,,,,,,,,,,,,,,,,,,,,,,,,,,,,,0.0,,,,,,,,,,,,,,,,,,,,- - -,
2027-2028,- -,19,,,,,,,5200000.0,7600000.0,,,,,,,,,,,,,,,,,,,,,,,,,,,,,,,,,,,,,,,,,,,,,,,,,,,,,,,,,,,,,,,,,,,,,,,,,,,,,0.0,,,,,,,,,,,,,,,,,,,,,,,,,,,,,,,0.0,,,,,,,,,,,,,,,,,,,,- - -,
2027-2028,- -,17,,Lluis Gonzales (4/6/2028),,,,,2500000.0,2500000.0,,,,,,,,,,,,,,,,,,,,,,,,,,,,,,,,,,,,,,,,,,,,,,,,,,,,,,,,,,,,,,,,,,,,,,,,,,,,,0.0,,,,,,,,,,,,,,,,,,,,,,,,,,,,,,,0.0,,,,,,,,,,,,,,,,,,,,- - -,
2027-2028,- -,29,Int,,,,,,73000000.0,104000000.0,,,,,,,,,,,,,,,,,,,,,,,,,,,,,,,,,,,,,,,,,,,,,,,,,,,,,,,,,,,,,,,,,,,,,,,,,,,,,0.0,,,,,,,,,,,,,,,,,,,,,,,,,,,,,,,0.0,,,,,,,,,,,,,,,,,,,,- - -,
2027-2028,- -,24,Int,,,,,,138000000.0,195000000.0,,,,,,,,,,,,,,,,,,,,,,,,,,,,,,,,,,,,,,,,,,,,,,,,,,,,,,,,,,,,,,,,,,,,,,,,,,,,,0.0,,,,,,,,,,,,,,,,,,,,,,,,,,,,,,,0.0,,,,,,,,,,,,,,,,,,,,- - -,
2027-2028,- -,27,,,,,,,74000000.0,108000000.0,,,,,,,,,,,,,,,,,,,,,,,,,,,,,,,,,,,,,,,,,,,,,,,,,,,,,,,,,,,,,,,,,,,,,,,,,,,,,0.0,,,,,,,,,,,,,,,,,,,,,,,,,,,,,,,0.0,,,,,,,,,,,,,,,,,,,,- - -,
2027-2028,- -,19,Int,,,,,,58000000.0,68000000.0,,,,,,,,,,,,,,,,,,,,,,,,,,,,,,,,,,,,,,,,,,,,,,,,,,,,,,,,,,,,,,,,,,,,,,,,,,,,,0.0,,,,,,,,,,,,,,,,,,,,,,,,,,,,,,,0.0,,,,,,,,,,,,,,,,,,,,- - -,
2027-2028,- -,19,Int,3 Focuses,,,,,48000000.0,66000000.0,,,,,,,,,,,,,,,,,,,,,,,,,,,,,,,,,,,,,,,,,,,,,,,,,,,,,,,,,,,,,,,,,,,,,,,,,,,,,0.0,,,,,,,,,,,,,,,,,,,,,,,,,,,,,,,0.0,,,,,,,,,,,,,,,,,,,,- - -,
2027-2028,- -,26,Int,,,,,,62000000.0,91000000.0,,,,,,,,,,,,,,,,,,,,,,,,,,,,,,,,,,,,,,,,,,,,,,,,,,,,,,,,,,,,,,,,,,,,,,,,,,,,,0.0,,,,,,,,,,,,,,,,,,,,,,,,,,,,,,,0.0,,,,,,,,,,,,,,,,,,,,- - -,
2027-2028,- -,20,Int,,,,,,13500000.0,13500000.0,,,,,,,,,,,,,,,,,,,,,,,,,,,,,,,,,,,,,,,,,,,,,,,,,,,,,,,,,,,,,,,,,,,,,,,,,,,,,0.0,,,,,,,,,,,,,,,,,,,,,,,,,,,,,,,0.0,,,,,,,,,,,,,,,,,,,,- - -,
2027-2028,- -,25,,2 Focuses,,,,,65000000.0,75000000.0,,,,,,,,,,,,,,,,,,,,,,,,,,,,,,,,,,,,,,,,,,,,,,,,,,,,,,,,,,,,,,,,,,,,,,,,,,,,,0.0,,,,,,,,,,,,,,,,,,,,,,,,,,,,,,,0.0,,,,,,,,,,,,,,,,,,,,- - -,
