Name,Position,Apps (Total),Source,xG,xA,Tck/90,Int/90,Pas %,Pr passes/90,Poss Won/90,Poss Lost/90,K Ps/90,Drb/90,Cr C/90,Ch C/90,Dist/90,Sprints/90,Clr/90,Blk/90,Aer A/90,Hdrs W/90,pc1,pc2,cluster
Nicolás Otamendi,D (RC),36.0,Benfica Squad,0.71,0.11,1.19,1.98,95.0,5.12,8.36,3.24,0.1,0.07,0.0,0.07,6.8,5.49,0.55,0.44,4.33,2.87,3.335467276137941,-1.9139782382132482,2
Benjamín Rollheiser,AM (RLC),34.0,Benfica Squad,7.98,5.74,2.74,1.48,82.0,3.53,6.28,16.57,3.43,3.01,2.16,0.79,8.7,17.67,0.37,0.21,3.32,0.69,-5.80269449265788,3.986866999184031,1
Braian Aguirre,"D (RL), M (R)",27.0,Benfica Squad,0.58,3.73,3.07,2.86,88.0,9.72,11.85,9.09,1.77,1.56,0.73,0.47,8.3,18.29,0.52,0.62,3.53,1.87,0.5857497103774182,4.374867359293662,4
Arthur Cabral,ST (C),43.0,Benfica Squad,20.83,3.37,0.87,0.7,83.0,1.03,3.33,4.79,0.57,0.76,0.0,0.14,7.4,5.87,0.14,0.11,7.01,3.11,-1.7093441305288837,-4.8860368418229925,3
Morato,"D (LC), DM",43.0,Benfica Squad,4.52,2.23,2.17,2.45,90.0,8.05,14.54,9.46,0.86,1.01,0.37,0.12,7.9,13.13,0.61,0.46,7.84,5.33,2.8423941063088933,1.1396163414822793,4
Marcos Leonardo,"AM (L), ST (C)",45.0,Benfica Squad,11.01,4.07,1.4,1.77,84.0,1.56,6.08,8.13,0.99,1.52,0.21,0.41,7.9,11.54,0.41,0.12,5.67,1.85,-1.6847372033097654,-1.4020468465651563,3
David Jurásek,D/WB (L),32.0,Benfica Squad,0.7,4.33,3.26,2.93,87.0,3.9,10.36,15.74,0.94,1.92,0.94,0.17,8.0,14.39,1.51,0.98,5.11,3.09,1.535614210591435,3.7881558756875817,4
Alexander Bah,D/WB/M/AM (R),30.0,Benfica Squad,2.02,5.04,3.35,2.21,88.0,8.82,11.29,10.66,1.18,2.39,0.66,0.66,8.4,17.79,0.88,0.48,3.79,2.61,0.04174368878155265,4.127901373478393,4
Orkun Kökçü,"DM, M/AM (C)",37.0,Benfica Squad,8.55,9.47,1.39,1.28,85.0,3.5,5.13,11.87,3.19,0.94,1.73,0.87,8.5,13.91,0.31,0.1,2.26,0.49,-5.064524115686432,2.022573056501703,1
Fredrik Aursnes,"DM, M (C)",39.0,Benfica Squad,3.21,5.66,2.1,1.81,91.0,6.92,7.8,7.83,2.2,0.91,0.68,0.42,8.5,13.81,0.55,0.23,1.94,1.1,-0.870791430856935,2.0052157570943963,0
Tiago Dantas,"DM, M/AM (C)",26.0,Benfica Squad,1.59,2.99,1.4,1.08,88.0,6.36,6.1,8.45,1.84,0.76,0.25,0.32,8.4,16.21,0.32,0.51,2.16,0.19,-0.6531473858285215,0.6970353344466655,0
Tiago Gouveia,AM (RL),45.0,Benfica Squad,11.35,14.78,2.7,2.03,85.0,3.66,6.51,14.45,2.08,4.2,0.76,1.04,8.3,16.93,0.59,0.25,3.72,0.79,-5.048183369043905,3.567201044982072,1
Henrique Pereira,AM (RL),10.0,Benfica Squad,0.94,0.89,2.69,1.15,89.0,1.34,5.95,14.39,1.15,4.41,0.38,0.77,8.4,16.12,0.58,0.38,2.49,0.19,-2.537366393853705,1.8028607198048994,1
Paulo Bernardo,M (C),35.0,Benfica Squad,3.26,5.55,2.35,1.85,88.0,3.3,11.55,15.28,1.27,1.2,0.11,0.33,7.6,10.39,0.8,0.33,4.09,1.63,-0.11274646172702699,0.6409255471222609,0
Gerson Sousa,AM (RL),25.0,Benfica Squad,4.68,4.23,1.79,1.92,84.0,3.45,5.72,16.06,1.4,3.49,0.48,0.57,8.3,15.15,0.65,0.31,3.62,0.79,-2.4811231531457802,1.5632120546800614,1
Martim Neto,M (C),18.0,Benfica Squad,5.35,5.41,1.84,1.06,86.0,4.73,7.41,11.92,2.34,1.67,0.45,0.89,8.6,16.21,0.78,0.22,5.01,2.39,-2.125872010204492,1.739731439444645,1
Rafael Luís,"DM, M (C)",29.0,Benfica Squad,2.79,2.83,1.29,1.47,89.0,7.11,6.99,10.1,1.64,1.29,0.35,0.59,8.6,13.63,0.7,0.18,4.11,2.47,-0.22993215389567906,0.9737460565071505,0
Pedro Santos,"M (C), AM (RLC)",29.0,Benfica Squad,4.14,6.42,1.65,1.69,86.0,2.22,9.87,17.81,1.73,1.41,0.24,0.32,8.2,10.76,0.69,0.28,5.04,0.97,-1.272345996908138,0.3295133338701875,1
Francisco Domingues,D/WB/M/AM (L),31.0,Benfica Squad,0.57,4.25,3.1,2.23,89.0,8.45,13.87,10.74,1.42,1.32,0.77,0.32,8.5,14.13,0.94,0.77,4.1,2.87,1.6200179801532713,3.6804013966114226,4
Žan Jevšenak,"D (C), DM, M (C)",32.0,Benfica Squad,2.39,4.89,2.16,1.75,88.0,4.61,12.72,6.95,1.0,0.56,0.11,0.41,8.2,11.9,1.15,0.74,4.87,2.38,1.7693586304452897,1.2187640788008245,0
António Silva,D (C),42.0,Benfica Squad,2.98,0.95,0.89,2.32,95.0,7.06,11.1,3.86,0.16,0.05,0.0,0.08,6.9,4.61,0.83,0.39,6.17,4.17,4.229925732740193,-1.5421348325193014,2
Ricardo Teixeira,D (C),34.0,Benfica Squad,0.83,0.56,1.12,1.97,93.0,8.5,12.0,6.03,0.06,0.18,0.0,0.03,7.0,4.09,1.06,0.53,8.15,5.15,5.090849343775259,-1.2444730624852611,2
Hugo Félix,"M (C), AM (RLC)",36.0,Benfica Squad,7.89,7.81,2.36,1.69,86.0,2.79,4.69,18.51,2.33,2.72,0.85,0.39,7.7,11.74,0.92,0.32,4.8,0.88,-3.039143692299667,1.698987870259058,1
Soualiho Meïté,"DM, M (C)",38.0,Benfica Squad,1.45,1.37,2.18,1.81,89.0,5.41,10.53,7.9,0.71,0.96,0.03,0.11,8.3,11.7,0.76,0.54,3.0,1.81,1.7101944311054413,0.4234297328841052,0
Andreas Schjelderup,"M/AM (L), ST (C)",45.0,Benfica Squad,11.59,8.19,2.54,1.68,83.0,3.21,5.88,13.86,2.05,2.97,0.86,0.61,8.2,17.87,0.46,0.21,3.64,0.89,-4.2996993237132894,2.0535406328133488,1
José Melro,"AM (R), ST (C)",31.0,Benfica Squad,5.85,2.72,1.11,1.07,86.0,0.73,2.26,21.89,0.64,1.41,0.13,0.3,7.0,6.06,0.6,0.13,10.16,2.86,-0.90574368774839,-2.8153635689643615,3
João Neves,"DM, M/AM (C)",43.0,Benfica Squad,5.05,8.26,2.2,1.64,90.0,6.34,7.47,8.62,2.04,0.94,0.38,0.48,8.4,14.88,0.51,0.21,2.85,1.72,-1.1911347256550449,1.6494171231777963,0
Gabriël Misehouy,"M (C), AM (RLC), ST (C)",40.0,Benfica Squad,5.79,5.65,1.66,1.29,86.0,1.88,10.99,15.05,1.22,1.03,0.15,0.44,8.3,11.91,0.33,0.11,4.43,1.0,-1.6687331980419366,-0.5773733705112362,1
Sebastián Boselli,D (RLC),40.0,Benfica Squad,2.29,3.1,1.67,2.18,89.0,8.87,13.16,8.67,0.75,1.29,0.31,0.37,7.7,11.56,0.65,0.37,8.19,5.88,2.714728435919768,0.8224891090153924,2
Valentín Carboni,"AM (RC), ST (C)",19.0,Benfica Squad,5.75,6.53,1.4,1.73,83.0,2.8,5.06,12.45,2.13,2.4,0.73,0.8,8.4,14.18,0.27,0.27,4.13,1.6,-3.3195931726694003,1.1724309227255127,1
Gianluca Prestianni,"M (C), AM (RLC)",22.0,Benfica Squad,2.24,2.22,2.53,1.02,86.0,2.92,5.54,12.11,1.36,2.87,0.44,0.19,8.0,12.16,1.02,0.44,5.06,0.92,-0.9132745826916027,0.5951679857066524,1
Karel Mustmaa,"AM (L), ST (C)",33.0,Benfica Squad,6.51,1.84,1.34,1.24,84.0,1.24,3.16,18.86,1.02,1.53,0.22,0.29,7.5,8.14,0.47,0.18,8.61,2.25,-1.3505324474882612,-2.089322397778274,3
João Rêgo,"M (L), AM (RLC), ST (C)",31.0,Benfica Squad,4.52,6.43,1.88,1.91,87.0,4.37,7.23,11.97,1.88,2.63,0.61,0.55,8.2,14.73,0.55,0.41,4.19,1.5,-1.7656064393490123,1.8966795085048924,1
João Veloso,M/AM (C),34.0,Benfica Squad,4.4,7.56,1.72,1.39,86.0,3.86,13.54,15.84,1.52,0.97,0.32,0.36,7.3,9.36,0.75,0.39,3.05,1.43,-0.7085094994859252,0.3630741433447384,0
Paul Okon,DM,37.0,Benfica Squad,2.75,5.72,1.85,1.5,89.0,5.4,13.74,6.74,1.02,0.73,0.06,0.48,7.8,10.73,0.61,0.35,3.35,1.73,0.6393206157340732,0.31020981849949286,0
Robert Ramšak,"M (C), AM (RC), ST (C)",15.0,Benfica Squad,5.16,1.3,1.49,1.42,84.0,1.55,4.52,10.13,0.74,0.81,0.07,0.27,7.8,6.28,0.2,0.2,9.25,4.32,0.2275117046210893,-2.8155701760251737,3
André Gomes,M/AM (C),26.0,Benfica Squad,2.33,5.5,1.91,1.91,84.0,4.04,12.04,15.82,1.96,1.02,0.22,0.31,7.8,9.51,0.53,0.4,3.11,0.71,-0.8270487201611714,0.7611392233760003,0
Diogo Rocha,D (C),12.0,Benfica Squad,1.53,1.01,1.25,1.25,86.0,3.17,12.25,5.33,0.83,0.67,0.17,0.08,6.9,6.17,1.5,0.33,5.92,4.25,2.58722988190905,-1.6159490879659082,2
Gonçalo Moreira,AM (RLC),37.0,Benfica Squad,6.16,6.24,1.54,2.04,86.0,1.87,11.44,15.69,1.1,1.91,0.13,0.43,8.0,11.41,0.87,0.33,4.52,0.67,-1.004641084422603,0.4319303897076603,1
Guilherme Peixoto,D/WB (R),11.0,Benfica Squad,0.92,0.84,3.0,2.46,83.0,5.1,11.65,14.74,0.91,1.73,0.82,0.09,8.3,14.2,1.55,0.55,6.83,4.55,1.8194960715893629,2.5381103026038017,4
Jair Monteiro,ST (C),27.0,Benfica Squad,8.16,1.88,1.21,1.01,86.0,0.73,2.05,19.94,0.56,1.01,0.04,0.12,7.3,5.88,0.44,0.2,10.6,3.79,-0.33967385044832193,-3.4351991560360244,3
Martim Ferreira,DM,11.0,Benfica Squad,0.56,4.07,1.82,1.0,87.0,3.55,12.45,6.36,0.82,0.64,0.0,0.36,6.9,7.55,0.73,0.55,4.73,3.09,1.478687691398329,-1.0312722577496938,0
Tiago Parente,"D (RL), WB (L)",40.0,Benfica Squad,1.61,4.72,2.59,2.63,88.0,9.75,14.09,12.38,1.9,2.59,0.76,0.53,8.5,17.63,0.8,0.34,4.19,3.09,0.23085591449580503,4.326390389750157,4
Yasin Özcan,D (LC),26.0,Benfica Squad,0.47,0.34,0.89,1.62,94.0,6.14,11.88,4.69,0.4,0.24,0.32,0.08,7.2,7.51,0.65,0.32,7.76,5.82,3.9082654567845316,-1.6096558766109015,2
Luka Topalović,AM (C),13.0,Benfica Squad,3.71,0.96,0.56,0.94,92.0,3.18,3.74,6.36,0.56,1.5,0.0,0.56,8.5,11.6,0.0,0.37,5.24,1.12,-0.29293125417752924,-1.8050722666861618,3
Duarte Soares,D/WB (R),22.0,Benfica Squad,1.72,0.64,2.75,1.97,86.0,5.55,8.58,16.88,0.69,1.15,0.5,0.09,7.7,12.02,1.33,0.5,5.09,2.71,1.3322011438256474,1.3446785702181476,4
João Capucho,D/WB (L),26.0,Benfica Squad,0.03,1.06,2.73,2.53,86.0,6.1,11.03,17.13,1.4,0.88,0.48,0.16,7.6,13.4,2.37,1.28,5.45,3.21,3.447982323153423,3.8689005284315923,4
André Vakulyuk,"DM, M (C)",12.0,Benfica Squad,1.02,1.59,1.67,0.75,85.0,4.33,13.67,9.83,2.42,0.42,0.25,0.17,6.9,8.0,1.5,0.25,4.08,2.58,0.8998407439705354,-0.2754191197269871,0
Luís Brito,AM (L),11.0,Benfica Squad,2.07,0.13,1.64,2.27,86.0,2.82,4.18,18.82,2.0,3.55,0.45,0.09,8.2,11.09,0.82,0.27,5.82,0.91,-1.1867821406787744,0.8313139381597362,1
Khephren Thuram - French,"DM, M (C)",40.0,Scouted,7.55,5.48,2.09,1.24,83.0,2.43,8.97,6.28,1.08,1.53,0.0,0.24,5.6,9.26,0.24,0.26,2.64,1.66,-1.3820902539552706,-1.9049443830315762,5
Nico Williams - Spanish,M/AM (RL),34.0,Scouted,11.48,8.59,2.89,1.79,83.0,3.02,6.93,11.21,1.29,3.15,0.33,0.5,8.2,17.28,0.8,0.2,5.77,2.29,-2.6533621161118512,1.459385502641669,1
Malick Thiaw - German,"D (C), DM, M (C)",43.0,Scouted,1.65,3.5,2.22,1.52,90.0,3.95,10.57,3.65,0.58,0.15,0.09,0.21,5.8,6.68,0.79,0.49,5.14,3.8,2.330575069144231,-1.3147885747258716,2
Denis Zakaria - Swiss,"DM, M (C)",42.0,Scouted,3.19,4.87,2.17,0.98,87.0,3.18,5.97,4.81,0.58,1.07,0.09,0.18,4.7,7.9,0.37,0.21,3.0,1.96,-0.3495269395691441,-2.427782000672629,5
Nicolás González - Argentinian,"M (R), AM (RL), ST (C)",39.0,Scouted,9.46,4.24,2.02,2.02,83.0,3.12,5.02,13.12,1.53,4.24,0.72,0.12,7.7,13.74,0.65,0.12,3.93,1.87,-2.717442889313088,0.627135117992843,1
João Pedro - Brazilian,"AM (RLC), ST (C)",37.0,Scouted,11.03,4.61,1.94,1.94,85.0,2.39,5.23,16.52,1.32,3.58,0.19,0.32,7.9,16.3,0.61,0.42,4.26,1.87,-2.269981043641767,0.7701586408941254,1
Samuel Chukwueze - Nigerian,"M (R), AM (RL)",26.0,Scouted,3.59,2.02,2.05,1.11,83.0,1.72,3.04,13.06,1.27,2.49,0.22,0.11,5.2,9.3,0.55,0.06,1.99,0.39,-2.3532702640010523,-1.8499603305590355,5
Nicolò Zaniolo - Italian,"M (L), AM (RLC), ST (C)",33.0,Scouted,5.26,2.62,1.77,1.0,80.0,1.96,3.86,8.03,0.84,2.08,0.28,0.06,5.0,9.77,0.31,0.09,3.36,1.56,-1.965057806523666,-2.8105326150871663,5
Moussa Diaby - French,"M (R), AM (RLC), ST (C)",46.0,Scouted,9.08,7.41,1.89,1.97,84.0,2.67,5.37,13.47,1.3,3.64,0.43,0.4,8.0,14.28,0.7,0.27,4.7,0.46,-2.8303654006039896,0.9291124919572549,1
Vanderson - Brazilian,D/WB/M (R),40.0,Scouted,2.31,11.68,2.36,1.85,85.0,2.67,6.67,10.96,1.33,2.49,0.64,0.46,5.6,12.24,0.87,0.44,2.23,1.23,-2.0535959359746925,1.2350298274419922,1
Michael Kayode - Italian,D/WB (R),45.0,Scouted,3.07,6.19,2.49,2.95,90.0,7.57,15.83,7.8,0.85,1.72,0.3,0.21,7.9,14.85,0.96,0.78,5.47,3.68,2.6839715624546634,2.8866315375425886,4
Javi Guerra - Spanish,"DM, M (RC), AM (C)",44.0,Scouted,4.61,8.66,1.92,2.06,89.0,5.76,12.34,4.81,1.11,1.23,0.02,0.43,8.3,12.67,0.78,0.54,3.41,1.87,0.7395736484667773,1.340299407672084,0
Pape Matar Sarr - Senegalese,"DM, M (C)",45.0,Scouted,5.11,9.84,2.08,1.73,90.0,5.03,12.55,5.67,1.25,1.05,0.03,0.38,8.6,16.23,0.93,0.62,4.28,2.05,0.6939618442028818,1.7480387756928053,0
- -,,42.0,Scouted,2.69,9.06,2.15,1.7,89.0,4.67,15.7,4.51,0.76,0.76,0.05,0.29,8.1,11.79,0.66,0.42,4.27,2.52,1.2422411217522489,0.5140856885634872,0
- -,,45.0,Scouted,1.18,0.66,1.26,1.89,92.0,4.48,13.28,2.61,0.26,0.15,0.02,0.04,7.2,5.7,1.0,0.52,5.93,4.22,4.101568927150037,-1.5079389605165934,2
- -,,35.0,Scouted,10.16,2.93,2.03,0.45,80.0,0.9,2.72,4.78,1.07,1.49,0.6,0.12,3.4,7.28,0.27,0.21,1.85,0.33,-3.1304835282525603,-3.644109430341105,5
- -,,44.0,Scouted,3.46,7.82,3.06,2.44,89.0,7.14,12.88,13.52,0.97,2.42,0.92,0.19,8.1,16.29,0.88,0.57,3.65,1.68,0.060230126158293984,3.5857787684161075,4
- -,,45.0,Scouted,4.04,4.56,1.8,1.23,89.0,4.15,6.25,4.74,0.77,0.72,0.05,0.2,5.4,7.85,0.44,0.35,2.0,0.99,0.001030926031163822,-1.8493063667773588,5
- -,,34.0,Scouted,14.55,3.05,1.35,0.4,79.0,0.74,2.09,11.93,0.49,0.83,0.06,0.15,5.8,5.0,0.21,0.12,7.09,3.31,-2.0463159873613708,-4.932887293639651,3
- -,,43.0,Scouted,8.39,5.0,1.65,0.95,84.0,3.03,5.39,3.2,0.67,0.38,0.07,0.14,4.2,6.46,0.21,0.1,2.15,1.29,-1.2134045397036786,-3.688223379423192,5
- -,,42.0,Scouted,1.04,1.37,1.56,1.93,93.0,4.58,17.17,3.14,0.3,0.1,0.02,0.1,6.9,4.53,0.89,0.49,6.83,4.63,4.400662919718565,-1.3617367099704216,2
- -,,41.0,Scouted,7.56,7.52,2.73,1.44,84.0,3.94,5.58,15.29,3.27,2.96,0.65,0.37,8.0,14.31,0.84,0.2,4.65,1.32,-3.406659674093279,2.1893285469074684,1
- -,,43.0,Scouted,10.77,6.03,1.82,1.01,76.0,1.58,2.98,7.31,0.69,1.65,0.3,0.2,3.8,6.72,0.42,0.15,1.97,0.64,-3.1932230754526154,-3.4070266167760312,5
- -,,47.0,Scouted,4.3,9.14,2.0,1.52,89.0,5.12,12.51,5.96,2.26,0.62,0.21,0.45,7.7,11.34,0.69,0.45,3.26,1.62,-0.2423518144113604,1.1574326669763007,0
- -,,32.0,Scouted,10.49,3.63,1.35,0.98,87.0,0.54,2.84,10.76,0.47,1.52,0.0,0.14,6.9,6.7,0.41,0.14,8.05,3.55,-0.6635422850829155,-3.5737267430390345,3
- -,,29.0,Scouted,1.37,1.52,3.24,1.51,90.0,5.55,13.4,6.49,1.22,1.15,0.14,0.14,8.4,12.83,0.79,0.29,2.23,1.01,0.9054782380763693,1.235111783551521,0
- -,,39.0,Scouted,10.93,3.08,2.33,1.32,85.0,2.6,5.5,13.47,1.1,1.8,0.53,0.44,8.3,14.92,0.62,0.26,6.38,3.52,-1.6373403302737242,0.07007609390097524,1
- -,,42.0,Scouted,2.37,2.93,2.26,1.96,92.0,6.02,10.55,7.62,1.1,1.16,0.0,0.1,8.1,11.72,0.5,0.5,3.96,2.13,1.6240783629701308,0.5993419314716462,0
- -,,43.0,Scouted,9.39,7.13,2.71,1.97,83.0,4.29,5.3,15.03,2.05,3.09,0.77,0.41,8.6,16.86,0.66,0.22,4.48,1.69,-3.200075062979428,2.3345045043057095,1
- -,,52.0,Scouted,1.81,4.34,2.3,1.58,91.0,6.12,12.51,6.23,1.25,0.69,0.28,0.36,8.1,12.7,0.8,0.47,4.82,2.57,1.4380425362868277,1.1908645822238066,0
- -,,39.0,Scouted,10.71,3.64,1.3,0.93,84.0,0.8,1.77,16.47,0.5,0.97,0.1,0.13,7.4,6.8,0.13,0.17,8.44,4.0,-1.1920421903582668,-3.644003318170394,3
- -,,40.0,Scouted,1.36,8.04,1.95,1.24,90.0,4.96,18.27,4.28,1.12,0.47,0.0,0.3,7.2,11.16,0.62,0.47,3.84,1.74,1.3847537156924745,0.17662392433863633,0
- -,,43.0,Scouted,1.25,0.87,1.74,1.72,90.0,3.86,12.26,2.84,0.07,0.33,0.02,0.05,5.4,3.56,0.74,0.3,4.28,3.09,2.8120923708425796,-2.5058905373169416,2
- -,,49.0,Scouted,3.17,1.54,1.09,2.05,93.0,4.99,15.5,2.66,0.3,0.24,0.0,0.02,7.2,5.64,0.91,0.46,6.46,4.85,4.292047951921447,-1.5386995636794443,2
- -,,35.0,Scouted,1.32,0.98,1.68,1.07,89.0,2.84,10.06,2.08,0.18,0.03,0.0,0.06,4.6,3.15,0.8,0.46,4.28,3.36,2.6012140961647545,-3.264107239712179,2
- -,,36.0,Scouted,9.33,2.16,1.57,0.81,86.0,1.01,1.62,19.09,0.71,1.41,0.05,0.15,7.6,6.46,0.15,0.15,6.31,1.16,-1.9799814423425197,-3.0426367237835015,3
- -,,41.0,Scouted,7.4,9.83,1.35,0.46,78.0,1.07,5.16,3.83,0.66,0.54,0.03,0.18,2.9,4.6,0.26,0.03,1.53,0.46,-2.7395039090422215,-4.754683286872633,5
- -,,40.0,Scouted,10.9,3.78,2.11,0.91,82.0,2.44,4.07,9.67,2.49,2.2,1.24,0.38,5.5,11.05,0.33,0.14,2.3,0.57,-4.3868093557773795,-0.5169754001155488,1
- -,,38.0,Scouted,5.36,5.57,2.24,1.83,91.0,4.77,12.05,7.16,1.19,1.37,0.23,0.38,8.6,16.97,0.82,0.47,3.55,1.46,0.2827072849341587,1.7740315809411613,0
- -,,35.0,Scouted,3.25,4.36,2.69,1.82,86.0,2.91,5.06,15.68,1.35,3.49,0.47,0.25,8.2,16.7,0.91,0.29,4.4,1.71,-1.6665820728661451,1.785596455825384,1
- -,,25.0,Scouted,7.59,3.19,1.0,0.92,80.0,0.83,3.84,3.98,0.35,0.66,0.04,0.09,3.5,5.64,0.17,0.13,1.79,0.39,-1.759311139114409,-4.92555955371437,5
- -,,34.0,Scouted,7.43,2.88,1.51,0.82,82.0,1.08,2.63,7.1,0.43,1.97,0.26,0.03,3.9,6.67,0.46,0.23,1.61,0.2,-2.0308089417389152,-3.709129991496041,5
- -,,31.0,Scouted,2.94,0.73,1.97,0.61,85.0,1.78,8.89,0.94,0.06,0.19,0.0,0.06,2.8,2.84,0.26,0.06,2.52,2.0,0.4029740737956168,-4.9697308209559825,5
- -,,24.0,Scouted,3.1,1.87,3.14,1.37,87.0,3.0,5.87,14.07,1.23,3.55,0.27,0.14,7.8,15.84,0.96,0.14,3.14,0.82,-1.5880059985275112,1.1361327219027815,1
- -,,32.0,Scouted,7.44,5.1,2.05,1.2,81.0,2.88,5.34,13.25,1.71,2.71,0.86,0.38,6.5,11.99,0.62,0.24,3.22,0.62,-3.349315591940057,0.12287463761189774,1
- -,,35.0,Scouted,5.99,3.99,1.8,1.36,88.0,2.25,7.77,13.1,1.8,1.18,0.22,0.26,8.2,10.2,0.59,0.11,4.34,1.07,-1.3222820811712996,-0.5209781995345173,1
- -,,49.0,Scouted,3.22,2.56,1.4,2.02,93.0,3.3,14.48,3.63,0.17,0.17,0.02,0.04,6.8,5.01,0.95,0.74,6.19,4.5,4.179339342794712,-1.4556472005716308,2
- -,,34.0,Scouted,7.87,8.44,1.45,0.86,82.0,1.42,4.1,6.19,0.83,2.09,0.49,0.22,4.2,8.1,0.34,0.25,1.63,0.31,-2.944679175434277,-2.671470756212509,5
- -,,41.0,Scouted,2.51,2.25,1.06,2.12,94.0,5.0,15.25,5.16,0.39,0.39,0.05,0.13,7.3,7.22,1.03,0.44,6.06,4.23,3.861651256981858,-0.8304266942772233,2
- -,,41.0,Scouted,6.43,3.84,1.89,0.94,83.0,2.28,6.2,3.5,0.42,0.45,0.0,0.05,4.2,5.96,0.37,0.27,1.81,0.84,-0.6624451977526638,-3.618662927927433,5
- -,,40.0,Scouted,0.89,1.99,1.53,2.18,93.0,5.37,13.71,4.97,0.71,0.58,0.14,0.07,7.4,6.84,1.05,0.65,7.04,5.07,4.258082218194134,-0.23600785396494578,2
- -,,41.0,Scouted,13.73,4.28,1.2,0.82,84.0,1.09,2.81,16.19,0.82,1.04,0.08,0.3,7.5,8.01,0.41,0.05,5.75,1.58,-2.4947311024625054,-3.019970216631656,3
- -,,28.0,Scouted,0.34,3.9,3.29,2.47,89.0,5.5,11.01,11.16,1.91,1.95,0.94,0.15,8.3,15.2,1.01,0.6,3.93,1.53,0.3491280949617076,3.6179300574328637,4
- -,,32.0,Scouted,2.86,3.16,2.08,1.46,91.0,5.33,12.96,3.9,1.1,0.88,0.06,0.29,6.9,10.17,0.71,0.26,2.73,1.01,0.9046111140083588,-0.19330120121233305,0
- -,,45.0,Scouted,0.85,2.06,1.3,2.17,93.0,5.11,14.23,4.44,0.39,0.37,0.07,0.09,7.6,6.32,1.16,0.65,5.99,4.12,4.307321900911664,-0.4274111551034647,2
- -,,43.0,Scouted,2.59,5.5,2.04,1.99,87.0,4.84,11.96,9.01,1.03,0.68,0.3,0.23,8.1,14.55,0.88,0.43,3.05,1.29,0.5210278872058491,1.1896588679889595,0
- -,,39.0,Scouted,1.99,0.84,1.06,2.11,93.0,4.73,14.77,3.87,0.28,0.19,0.0,0.19,7.0,4.84,0.58,0.58,5.95,4.14,3.8865736610001074,-1.5233425702212164,2
- -,,39.0,Scouted,6.56,3.77,2.09,1.89,85.0,2.91,4.69,15.86,1.23,4.69,0.58,0.27,7.8,14.1,0.58,0.3,3.62,1.12,-2.6043781038853497,1.0656245312019956,1
- -,,28.0,Scouted,6.94,3.86,1.5,0.94,78.0,1.05,2.59,4.65,0.71,1.46,0.23,0.23,3.2,6.31,0.3,0.04,2.06,0.41,-2.7302397389712936,-4.0802226856714485,5
- -,,18.0,Scouted,2.96,2.75,1.61,1.12,82.0,1.18,3.35,8.99,0.74,0.99,0.0,0.12,4.9,8.43,0.43,0.25,1.92,0.12,-1.4155242277343854,-2.9034966249938874,5
- -,,34.0,Scouted,3.67,4.43,3.15,2.11,86.0,2.31,4.77,17.64,1.42,3.77,0.54,0.23,7.6,14.03,0.85,0.35,4.27,1.35,-1.9387539793694863,1.8804495870466273,1
- -,,46.0,Scouted,5.33,8.94,2.08,1.94,88.0,3.97,14.49,11.1,1.53,1.0,0.91,0.33,8.0,11.84,0.72,0.26,2.32,0.91,-1.123037950531128,1.5772942342285543,0
- -,,40.0,Scouted,6.68,3.74,2.05,1.49,84.0,2.19,9.6,17.17,1.17,1.97,0.21,0.19,8.1,13.78,0.69,0.24,4.11,0.72,-1.5932295750464243,0.05784098952258942,1
- -,,35.0,Scouted,1.17,9.76,2.26,1.93,89.0,6.06,14.16,5.21,1.14,0.81,0.0,0.48,8.2,13.29,0.57,0.45,3.07,1.45,0.6210100138243276,1.5788529464712187,0
- -,,36.0,Scouted,0.99,5.28,2.36,2.01,91.0,5.58,10.43,5.87,0.96,0.67,0.19,0.26,8.2,12.24,0.8,0.48,2.23,1.24,1.171322183479496,1.257951185160285,0
- -,,33.0,Scouted,1.06,1.54,1.67,1.61,95.0,5.21,17.42,2.73,0.3,0.24,0.03,0.06,7.1,4.58,0.64,0.39,6.64,4.94,4.292395499572902,-1.5824573477020567,2
- -,,29.0,Scouted,3.22,9.26,2.1,1.27,90.0,4.35,12.7,11.07,2.65,0.44,0.83,0.54,8.1,12.85,0.73,0.4,4.5,1.96,-1.0207020100987723,2.023042762781652,0
- -,,11.0,Scouted,0.32,1.05,3.39,1.23,87.0,4.62,5.55,18.49,1.54,3.39,0.62,0.31,8.3,15.1,0.31,0.62,1.85,0.0,-2.0252304187696173,2.3710702383674773,1
- -,,42.0,Scouted,8.87,3.54,2.26,2.01,83.0,3.19,4.32,19.1,1.77,4.12,0.64,0.49,8.0,15.17,0.54,0.1,3.73,0.39,-3.9009690005111985,1.5489860826771922,1
- -,,38.0,Scouted,3.49,3.05,1.6,1.77,89.0,4.17,8.96,10.39,1.14,1.14,0.06,0.51,7.8,11.3,0.74,0.29,3.25,1.6,0.033199465035680026,0.19703021744399743,0
- -,,28.0,Scouted,0.49,1.15,2.18,1.71,88.0,4.2,10.9,9.34,0.93,1.56,0.16,0.47,8.6,16.19,0.78,0.78,2.65,0.93,0.705452428035759,1.7903465033316515,0
- -,,14.0,Scouted,0.25,0.84,3.56,2.67,89.0,8.4,13.49,13.37,1.15,2.8,0.0,0.38,8.3,17.19,1.53,0.89,4.58,2.67,2.5201084868090464,4.539162825054719,4
- -,,38.0,Scouted,3.6,3.42,1.99,1.88,87.0,2.77,5.1,14.95,1.55,3.21,0.28,0.61,7.9,12.9,0.83,0.06,3.71,0.66,-2.2339640136457595,1.0459750988707348,1
- -,,37.0,Scouted,0.64,4.12,2.17,1.83,88.0,5.04,12.04,7.45,1.07,0.69,0.07,0.38,8.3,11.73,0.93,0.55,4.11,2.07,1.4456460569827074,1.0668154674686567,0
- -,,52.0,Scouted,1.02,2.18,1.14,2.15,93.0,5.59,16.41,4.1,0.48,0.33,0.15,0.18,7.6,9.19,0.72,0.42,6.08,4.32,3.6654870906781114,-0.4561166486210442,2
- -,,49.0,Scouted,1.54,3.76,2.95,2.71,88.0,7.78,12.02,15.38,1.07,1.99,0.28,0.09,8.3,16.96,1.03,0.76,4.33,3.04,1.8273302873188582,3.399276940766251,4
- -,,51.0,Scouted,2.23,2.98,2.06,1.59,90.0,4.79,12.89,7.31,0.95,1.0,0.14,0.17,8.5,12.63,1.09,0.52,5.06,2.99,2.0490214201967016,0.7347520541746075,0
- -,,25.0,Scouted,1.4,0.66,1.15,2.16,94.0,5.17,13.7,5.22,0.2,0.35,0.0,0.15,7.1,6.78,0.85,0.3,6.58,5.07,4.015451942162483,-1.3350312710794174,2
- -,,30.0,Scouted,2.24,2.73,2.1,0.23,77.0,0.9,2.4,0.53,0.17,0.17,0.0,0.07,1.4,2.17,0.1,0.17,0.53,0.3,-1.6534806270207258,-5.818894565470671,5
- -,,39.0,Scouted,5.12,6.01,1.85,2.02,87.0,5.28,12.73,7.27,1.33,1.15,0.12,0.14,8.4,12.47,1.01,0.52,4.07,1.93,1.025252937395595,1.0107453723682476,0
- -,,27.0,Scouted,1.57,0.62,1.28,1.98,94.0,4.7,15.64,3.9,0.32,0.53,0.0,0.16,7.7,7.74,1.07,0.64,5.98,4.64,4.409171161413791,-0.5427617917779926,2
- -,,44.0,Scouted,0.65,2.22,2.99,2.46,88.0,7.57,13.59,11.38,0.97,1.92,0.35,0.15,7.9,14.59,0.62,0.47,4.71,2.99,1.5618562623665453,2.268470931633222,4
- -,,36.0,Scouted,9.65,3.99,0.79,0.89,87.0,0.95,2.72,10.2,1.01,0.98,0.1,0.25,7.6,6.3,0.51,0.06,6.81,3.26,-0.9614851912638641,-3.299496275221972,3
- -,,39.0,Scouted,2.29,2.57,1.69,1.46,93.0,4.13,15.0,2.46,0.41,0.23,0.0,0.13,7.2,6.1,1.0,0.44,4.74,2.82,3.127721807130216,-1.2330427528904229,2
- -,,33.0,Scouted,7.67,2.95,2.5,1.55,87.0,2.62,5.33,14.97,1.42,3.57,0.69,0.26,7.4,14.2,0.9,0.52,5.08,1.85,-1.637069370901801,1.1975043061814783,1
- -,,40.0,Scouted,4.42,6.61,2.95,1.45,83.0,3.03,6.44,15.34,0.9,2.92,0.41,0.3,8.1,14.44,0.65,0.35,3.96,1.01,-2.141970343666571,1.1211919873661729,1
- -,,42.0,Scouted,9.34,3.9,2.28,1.71,85.0,2.67,4.86,15.83,2.43,3.63,0.57,0.24,7.8,13.95,0.69,0.21,3.72,1.23,-3.087003643177836,1.1374215380611556,1
- -,,43.0,Scouted,4.27,4.13,2.85,2.51,88.0,5.82,12.73,13.46,0.76,2.04,0.1,0.2,8.1,15.26,1.38,0.64,4.59,3.02,1.7086167873943765,2.566262375921078,4
- -,,35.0,Scouted,1.89,5.38,2.01,1.86,90.0,5.71,16.6,4.82,0.95,0.53,0.09,0.36,8.2,13.17,0.98,0.5,4.2,1.66,1.8833772400789035,1.2778196628371743,0
- -,,39.0,Scouted,3.66,4.93,2.46,1.68,90.0,5.16,14.58,5.25,1.11,1.17,0.06,0.39,8.3,13.2,0.75,0.54,3.99,2.49,1.264008314045248,1.2395566477922444,0
- -,,38.0,Scouted,11.49,3.88,1.61,0.87,85.0,0.96,3.15,14.8,0.59,1.36,0.22,0.15,7.7,7.23,0.49,0.12,6.83,1.08,-1.9134432702997544,-2.7751434251548797,3
- -,,39.0,Scouted,4.01,6.4,1.97,1.59,90.0,4.77,10.87,10.35,1.84,0.85,0.08,0.36,7.9,10.33,0.85,0.36,3.72,2.19,0.2639437199527527,0.7123491774109276,0
- -,,36.0,Scouted,7.75,1.59,1.89,1.66,85.0,2.19,5.31,16.41,1.1,3.22,0.3,0.2,7.9,14.55,0.76,0.27,4.22,1.03,-1.8475853577631483,0.13640792986869735,1
- -,,49.0,Scouted,10.8,6.37,2.39,1.4,85.0,2.97,5.11,16.85,1.47,4.19,0.51,0.51,7.9,13.9,0.56,0.23,4.19,1.78,-3.450979080324618,1.0180171908894935,1
- -,,32.0,Scouted,5.31,3.46,2.11,2.16,87.0,2.11,4.17,21.42,0.88,3.71,0.26,0.21,7.8,16.12,0.67,0.46,4.12,1.08,-1.7091373945999544,1.1622754336440042,1
- -,,36.0,Scouted,6.51,4.47,2.33,1.74,84.0,3.2,5.93,15.82,1.62,2.77,0.59,0.32,8.0,15.67,0.67,0.4,4.83,2.41,-1.8860865395950384,1.3349137423645694,1
- -,,25.0,Scouted,8.31,4.39,1.77,0.65,74.0,1.25,3.1,5.26,1.03,0.91,0.52,0.26,3.2,6.64,0.3,0.04,1.72,0.17,-3.625264556774062,-3.8704781997377102,5
- -,,46.0,Scouted,2.65,2.53,2.74,2.69,84.0,5.49,11.44,14.96,1.1,3.38,0.34,0.22,8.3,16.73,0.98,0.61,3.33,1.25,-0.03390033924496844,3.0411733489467903,4
- -,,22.0,Scouted,1.1,0.31,1.97,1.48,90.0,3.27,6.54,4.03,0.4,0.49,0.04,0.04,4.1,4.93,0.67,0.31,3.04,2.06,1.5854128571546289,-2.7624675551978792,5
- -,,34.0,Scouted,3.62,7.01,3.11,1.61,90.0,3.75,12.62,11.01,0.97,1.31,0.1,0.33,8.1,12.72,0.4,0.2,3.88,2.01,-0.30819010848973005,0.7893394178255952,0
- -,,20.0,Scouted,3.93,0.37,1.2,1.2,79.0,0.17,1.71,16.11,0.17,1.2,0.0,0.17,7.5,7.37,0.17,0.34,7.71,2.74,-0.7825942363796097,-3.3959164204705363,3
- -,,25.0,Scouted,3.91,7.34,1.99,1.64,88.0,3.27,17.99,6.67,1.19,1.15,0.13,0.53,8.1,12.38,0.53,0.31,3.14,1.24,-0.14197003953048568,0.7283821910014779,0
- -,,45.0,Scouted,3.72,7.65,2.46,2.64,81.0,3.27,6.18,14.45,1.2,2.7,0.6,0.33,7.8,16.7,0.84,0.24,4.38,1.08,-2.105085184578909,2.0162340195938464,1
- -,,46.0,Scouted,1.53,1.51,2.78,2.53,92.0,6.25,10.99,14.34,0.82,2.08,0.12,0.02,8.2,14.61,1.09,0.6,3.52,1.93,1.9509354615683046,2.336306117708191,4
- -,,30.0,Scouted,0.83,1.11,2.55,2.55,86.0,5.31,9.96,16.61,0.77,1.74,0.08,0.04,8.2,15.11,1.01,0.61,4.5,3.24,1.7231485401026976,1.77709132544492,4
- -,,38.0,Scouted,2.95,1.21,1.12,2.01,91.0,3.68,13.53,2.93,0.31,0.22,0.0,0.08,7.1,5.52,1.23,0.64,5.89,3.96,3.994792094134854,-1.3690967991400023,2
- -,,46.0,Scouted,0.9,0.61,0.98,2.05,93.0,4.17,17.27,2.49,0.28,0.13,0.04,0.04,7.3,5.67,1.02,0.65,7.0,4.69,4.9244755704673135,-1.2965583384002048,2
- -,,40.0,Scouted,11.44,4.78,1.5,1.03,83.0,1.39,6.55,15.57,0.91,1.15,0.15,0.18,8.0,10.38,0.44,0.24,6.81,2.36,-1.5692000238272232,-2.0227929274354848,3
- -,,41.0,Scouted,0.71,3.33,2.13,1.64,91.0,5.03,12.95,6.47,1.9,0.3,0.5,0.3,8.4,12.57,0.8,0.3,3.96,1.94,0.8808417621020281,1.24761007323449,0
- -,,46.0,Scouted,11.56,4.96,1.75,0.84,79.0,1.07,5.62,6.23,0.84,0.91,0.26,0.07,4.2,7.35,0.4,0.12,2.59,0.56,-2.5211141636431043,-3.717285050835224,5
- -,,16.0,Scouted,2.18,0.9,1.76,1.34,82.0,2.93,10.97,14.99,1.76,1.42,0.25,0.25,8.5,14.23,0.67,0.17,4.1,0.84,-1.171185168919209,0.2160955065293312,1
- -,,18.0,Scouted,0.37,2.57,1.5,2.0,90.0,5.5,12.25,5.75,2.5,1.0,0.12,0.25,8.5,12.62,1.0,0.75,1.88,0.75,1.3192026271918293,1.9458737459376774,0
- -,,41.0,Scouted,5.23,2.15,1.17,0.77,86.0,0.77,2.24,19.63,0.49,1.17,0.03,0.03,7.5,6.9,0.4,0.03,9.26,2.12,-0.8533753460726141,-3.4916695148034274,3
- -,,24.0,Scouted,3.87,2.99,2.05,1.74,86.0,1.97,6.47,16.17,1.34,2.84,0.08,0.39,7.7,11.6,0.55,0.16,4.34,0.95,-1.7507186956070815,0.035112604112996916,1
- -,,37.0,Scouted,0.71,2.4,3.77,2.54,86.0,6.49,11.8,12.78,1.03,0.92,0.36,0.25,7.8,13.78,1.29,0.53,4.81,2.8,1.6571872496192896,2.8695503729021916,4
- -,,33.0,Scouted,2.07,3.32,2.28,1.52,92.0,4.34,11.49,8.04,1.26,1.32,0.1,0.4,8.1,11.75,0.83,0.43,2.48,1.26,0.6257309261884274,0.9605827879568521,0
- -,,28.0,Scouted,1.7,1.29,1.91,1.45,89.0,3.08,13.06,12.34,1.0,1.27,0.09,0.18,8.3,13.43,0.18,0.27,2.72,1.72,0.12521925830032268,-0.24174041104857122,0
- -,,35.0,Scouted,1.27,2.4,2.12,1.83,90.0,5.29,12.1,6.4,1.02,0.61,0.06,0.26,8.1,11.98,0.99,0.32,3.29,1.77,1.557088053225808,0.6486966843349872,0
- -,,45.0,Scouted,5.09,2.94,1.82,2.08,86.0,1.72,9.88,15.66,0.88,1.92,0.1,0.21,8.6,15.09,0.68,0.31,4.99,1.51,-0.4962156765878353,0.34112649141538665,1
- -,,40.0,Scouted,0.33,3.02,3.37,2.25,89.0,5.56,10.67,14.29,0.74,1.25,0.2,0.08,8.1,16.59,1.22,0.61,4.8,3.27,1.976151640587182,2.487480511582299,4
- -,,35.0,Scouted,5.6,2.69,2.74,1.81,86.0,3.18,3.58,17.34,1.49,3.66,0.56,0.28,7.8,14.44,0.76,0.32,3.86,0.6,-2.3732781812397423,1.522042601457391,1
- -,,25.0,Scouted,3.45,2.41,2.45,2.45,89.0,5.55,15.53,10.3,1.27,1.55,0.24,0.38,7.7,12.61,0.71,0.56,3.25,1.6,1.0106508575734174,1.9296325765879883,0
- -,,29.0,Scouted,0.41,3.24,2.77,1.06,92.0,5.21,11.28,6.2,0.99,0.59,0.07,0.53,8.1,12.73,0.79,0.26,2.9,1.58,0.6999464609281373,0.8089669164374425,0
- -,,38.0,Scouted,0.1,3.9,2.0,1.68,90.0,5.28,10.57,7.93,1.84,0.6,0.12,0.16,8.0,11.33,0.8,0.48,2.6,0.6,0.8410138326451658,0.9024288654804729,0
- -,,40.0,Scouted,1.13,1.67,1.19,2.06,91.0,4.16,15.72,2.85,0.14,0.11,0.0,0.05,7.0,4.7,1.06,0.68,7.03,5.35,4.832394189584851,-1.4673430305574178,2
- -,,24.0,Scouted,0.48,0.37,3.31,1.31,90.0,4.87,9.66,8.7,1.22,0.78,0.09,0.09,8.2,12.01,1.04,0.44,3.13,1.48,1.3158075217456053,0.9377022043749691,0
- -,,46.0,Scouted,2.89,1.82,1.4,1.91,93.0,4.36,15.28,3.48,0.24,0.26,0.04,0.07,6.9,4.77,1.2,0.42,7.6,5.91,4.5393019923235585,-1.5468487326603937,2
- -,,31.0,Scouted,6.61,6.15,1.73,1.63,86.0,3.43,11.68,10.48,1.38,1.56,0.35,0.21,7.8,12.0,0.5,0.18,3.54,1.84,-0.9823406468374607,-0.11013396363151519,0
- -,,47.0,Scouted,11.05,3.01,1.46,0.87,83.0,1.04,3.33,11.31,0.98,1.04,0.22,0.25,7.4,6.69,0.34,0.06,9.85,3.44,-1.3378313594223148,-3.3351424593108887,3
- -,,23.0,Scouted,3.24,3.36,2.38,1.73,84.0,3.62,18.09,7.45,1.19,0.81,0.22,0.49,7.3,9.66,0.54,0.32,3.56,1.35,0.1278175654728948,0.26751620471833204,0
- -,,30.0,Scouted,0.99,1.65,1.45,1.59,95.0,3.8,15.97,3.18,0.31,0.17,0.0,0.03,6.8,4.77,0.97,0.69,6.95,4.67,4.665822741678557,-1.533404603495952,2
- -,,13.0,Scouted,0.89,0.7,2.59,1.83,93.0,5.19,10.53,8.24,0.92,0.15,0.46,0.15,8.2,12.05,1.22,0.15,4.27,2.29,1.8582647329759912,0.8766624451848922,0
- -,,43.0,Scouted,0.96,3.05,1.89,1.94,89.0,3.79,9.94,7.6,0.84,0.79,0.05,0.2,8.0,11.76,0.98,0.61,4.4,2.53,1.8724845979302662,0.3891802019972082,0
- -,,29.0,Scouted,6.46,1.67,1.12,1.12,87.0,0.9,1.98,17.27,0.52,1.23,0.0,0.19,7.6,7.33,0.56,0.45,8.04,1.53,-0.38429266086801545,-2.5336824594673852,3
- -,,16.0,Scouted,4.42,1.89,2.22,1.88,87.0,2.08,4.59,16.19,1.39,4.1,1.18,0.42,7.6,14.46,0.63,0.35,3.82,1.32,-2.613903230085116,1.6978793724574286,1
- -,,16.0,Scouted,1.93,1.55,1.39,0.95,86.0,2.2,10.57,19.23,1.62,1.91,0.0,0.37,8.1,11.45,0.66,0.22,6.46,1.03,-0.9081459689676754,-0.49873360058849564,1
- -,,10.0,Scouted,0.29,0.19,2.15,1.84,89.0,4.91,9.83,9.83,1.23,0.61,0.0,0.31,8.2,12.29,0.61,0.92,3.38,0.61,1.5092665440098028,1.0996534722252052,0
- -,,34.0,Scouted,4.3,6.48,1.77,1.77,83.0,2.45,5.92,7.52,1.12,1.77,0.37,0.41,5.4,11.43,0.41,0.2,3.67,1.22,-1.8475299631275623,-0.9162683510752565,1
Travis Akomeah - English,D (C),14.0,Scouted,0.23,1.04,0.57,1.79,89.0,2.86,12.29,3.29,0.14,0.07,0.07,0.07,6.9,5.21,1.43,0.93,8.43,5.5,5.0151431228667755,-1.7746785705849768,2
